,brand,model,year,price,color,condition,transmission,fuel_type,mileage
0,Toyota,RAV4,2017,"$18,998.00",Black,Used,Automatic,Other,"76,091"
1,Mitsubishi,RVR,2018,"$18,998.00",Silver,Used,Automatic,Other,"25,525"
2,Buick,Encore,2019,"$23,998.00",Other,Used,Automatic,Other,"38,250"
3,Kia,Forte5,2012,"$4,000.00",Black,Used,Other,Gasoline,"202,500"
4,Honda,CR-V,2016,"$18,998.00",Other,Used,Automatic,Other,"72,897"
5,Toyota,RAV4,2017,"$21,900.00",Grey,Used,NaN,Gasoline,"33,745"
6,Mazda,Other,2006,"$2,495.00",Grey,Used,Automatic,Gasoline,"287,100"
7,Toyota,Corolla,2017,"$16,900.00",White,Used,NaN,Gasoline,"95,547"
8,Volkswagen,Jetta,2010,"$3,495.00",Black,Used,Manual,Gasoline,"185,450"
9,Audi,A8,2014,"$25,999.00",Black,Used,NaN,Gasoline,"122,408"
10,Jeep,Wrangler,2016,"$29,999.00",Blue,Used,NaN,Gasoline,"130,000"
11,Nissan,Versa,2014,"$8,595.00",Other,Used,Automatic,Other,"122,179"
12,Chevrolet,Silverado 2500,2019,"$80,000.00",White,Used,Automatic,NaN,"85,000"
13,Toyota,RAV4,2018,"$25,400.00",Black,Used,NaN,Gasoline,"50,137"
14,Other,Other,2012,"$4,995.00",Gold,Used,Automatic,Other,"210,500"
15,Mazda,3,2012,"$2,500.00",White,Used,NaN,NaN,"220,000"
16,Ford,Edge,2017,"$22,498.00",Other,Used,Automatic,Other,"81,718"
17,Hyundai,Santa Fe,2017,"$22,998.00",Other,Used,Automatic,Other,"74,486"
18,Toyota,Venza,2016,"$20,998.00",Other,Used,Automatic,Other,"69,224"
19,Honda,CR-V,2016,"$18,998.00",Other,Used,Automatic,Other,"72,897"
20,Toyota,RAV4,2017,"$19,998.00",Black,Used,Automatic,Other,"93,245"
21,Toyota,Camry,2016,"$16,998.00",Black,Used,Automatic,Other,"93,966"
22,Mazda,CX-3,2018,"$17,498.00",Other,Used,Automatic,Other,"63,156"
23,Nissan,Rogue,2017,"$16,498.00",Other,Used,Automatic,Other,"72,081"
24,Hyundai,Sonata,2018,"$16,399.00",Other,Used,Automatic,Other,"67,231"
25,Infiniti,QX70,2017,"$39,900.00",Black,Used,Automatic,Gasoline,"52,000"
26,Toyota,Corolla,2017,"$16,400.00",Blue,Used,NaN,Gasoline,"45,079"
27,Kia,Forte,2013,"$3,995.00",Silver,Used,Automatic,Gasoline,"221,150"
28,Toyota,Highlander,2015,"$27,400.00",Gold,Used,NaN,Gasoline,"93,005"
29,Toyota,RAV4,2017,"$19,900.00",Grey,Used,NaN,Gasoline,"66,128"
30,Mazda,Mazda3 Sport,2020,$230.00,NaN,Lease Takeover,Automatic,Gasoline,"10,600"
31,Hyundai,Genesis Coupe,2010,"$5,995.00",Grey,Used,Automatic,Gasoline,"245,800"
32,Hyundai,Santa Fe,2014,"$11,595.00",Silver,Used,Automatic,Other,"111,135"
33,Toyota,Corolla,2017,"$14,800.00",Silver,Used,NaN,Gasoline,"61,691"
34,Ram,1500,2013,"$14,995.00",Red,Used,Automatic,Gasoline,"250,900"
35,Ford,F-250,1988,NaN,Red,Used,Manual,Gasoline,"109,000"
36,Ford,Escape,2014,"$9,995.00",White,Used,Automatic,Gasoline,"135,400"
37,GMC,Acadia,2017,"$29,000.00",Black,Used,Automatic,Gasoline,"95,000"
38,NaN,NaN,NaN,NaN,NaN,NaN,NaN,NaN,NaN
39,NaN,NaN,NaN,NaN,NaN,NaN,NaN,NaN,NaN
40,NaN,NaN,NaN,NaN,NaN,NaN,NaN,NaN,NaN
41,NaN,NaN,NaN,NaN,NaN,NaN,NaN,NaN,NaN
42,NaN,NaN,NaN,NaN,NaN,NaN,NaN,NaN,NaN
43,NaN,NaN,NaN,NaN,NaN,NaN,NaN,NaN,NaN
44,Dodge,Grand Caravan,2020,"$32,000.00",Grey,Used,Automatic,Gasoline,"4,275"
45,Jeep,Wrangler,2015,"$31,899.00",Black,Used,Automatic,Gasoline,"111,044"
46,Ford,Transit,2017,"$35,499.00",Black,Used,Automatic,Gasoline,"112,571"
47,Ford,Escape,2017,"$17,888.00",Gold,Used,Automatic,Gasoline,"23,329"
48,Dodge,Caravan,2012,"$7,000.00",Grey,Used,Automatic,NaN,"137,000"
49,Honda,Odyssey,2017,"$25,595.00",Other,Used,Automatic,Other,"107,049"
50,Toyota,RAV4,2017,"$21,900.00",Grey,Used,NaN,Gasoline,"33,745"
51,Mazda,Other,2006,"$2,495.00",Grey,Used,Automatic,Gasoline,"287,100"
52,Toyota,Corolla,2017,"$16,900.00",White,Used,NaN,Gasoline,"95,547"
53,Volkswagen,Jetta,2010,"$3,495.00",Black,Used,Manual,Gasoline,"185,450"
54,Audi,A8,2014,"$25,999.00",Black,Used,NaN,Gasoline,"122,408"
55,Jeep,Wrangler,2016,"$29,999.00",Blue,Used,NaN,Gasoline,"130,000"
56,Nissan,Versa,2014,"$8,595.00",Other,Used,Automatic,Other,"122,179"
57,Chevrolet,Silverado 2500,2019,"$80,000.00",White,Used,Automatic,NaN,"85,000"
58,Toyota,RAV4,2018,"$25,400.00",Black,Used,NaN,Gasoline,"50,137"
59,Other,Other,2012,"$4,995.00",Gold,Used,Automatic,Other,"210,500"
60,Mazda,3,2012,"$2,500.00",White,Used,NaN,NaN,"220,000"
61,Ford,Edge,2017,"$22,498.00",Other,Used,Automatic,Other,"81,718"
62,Hyundai,Santa Fe,2017,"$22,998.00",Other,Used,Automatic,Other,"74,486"
63,Toyota,Venza,2016,"$20,998.00",Other,Used,Automatic,Other,"69,224"
64,Honda,CR-V,2016,"$18,998.00",Other,Used,Automatic,Other,"72,897"
65,Toyota,RAV4,2017,"$19,998.00",Black,Used,Automatic,Other,"93,245"
66,Toyota,Camry,2016,"$16,998.00",Black,Used,Automatic,Other,"93,966"
67,Mazda,CX-3,2018,"$17,498.00",Other,Used,Automatic,Other,"63,156"
68,Nissan,Rogue,2017,"$16,498.00",Other,Used,Automatic,Other,"72,081"
69,Hyundai,Sonata,2018,"$16,399.00",Other,Used,Automatic,Other,"67,231"
70,Infiniti,QX70,2017,"$39,900.00",Black,Used,Automatic,Gasoline,"52,000"
71,Toyota,Corolla,2017,"$16,400.00",Blue,Used,NaN,Gasoline,"45,079"
72,Kia,Forte,2013,"$3,995.00",Silver,Used,Automatic,Gasoline,"221,150"
73,Toyota,Highlander,2015,"$27,400.00",Gold,Used,NaN,Gasoline,"93,005"
74,Toyota,RAV4,2017,"$19,900.00",Grey,Used,NaN,Gasoline,"66,128"
75,Mazda,Mazda3 Sport,2020,$230.00,NaN,Lease Takeover,Automatic,Gasoline,"10,600"
76,Hyundai,Genesis Coupe,2010,"$5,995.00",Grey,Used,Automatic,Gasoline,"245,800"
77,Hyundai,Santa Fe,2014,"$11,595.00",Silver,Used,Automatic,Other,"111,135"
78,Toyota,Corolla,2017,"$14,800.00",Silver,Used,NaN,Gasoline,"61,691"
79,Ram,1500,2013,"$14,995.00",Red,Used,Automatic,Gasoline,"250,900"
80,Ford,F-250,1988,NaN,Red,Used,Manual,Gasoline,"109,000"
81,Ford,Escape,2014,"$9,995.00",White,Used,Automatic,Gasoline,"135,400"
82,NaN,NaN,NaN,NaN,NaN,NaN,NaN,NaN,NaN
83,NaN,NaN,NaN,NaN,NaN,NaN,NaN,NaN,NaN
84,NaN,NaN,NaN,NaN,NaN,NaN,NaN,NaN,NaN
85,NaN,NaN,NaN,NaN,NaN,NaN,NaN,NaN,NaN
86,NaN,NaN,NaN,NaN,NaN,NaN,NaN,NaN,NaN
87,NaN,NaN,NaN,NaN,NaN,NaN,NaN,NaN,NaN
88,NaN,NaN,NaN,NaN,NaN,NaN,NaN,NaN,NaN
89,Kia,Sorento,2011,"$8,495.00",Red,Used,Automatic,Gasoline,"124,473"
90,Jaguar,E-Pace,2018,"$34,990.00",Red,Used,NaN,Gasoline,"52,443"
91,Toyota,Corolla,2016,"$15,998.00",Blue,Used,Automatic,Other,"85,567"
92,Kia,Optima,2016,"$14,988.00",White,Used,Automatic,Gasoline,"98,400"
93,Jeep,Patriot,2013,"$5,495.00",Silver,Used,Automatic,Gasoline,"194,720"
94,Honda,Odyssey,2017,"$25,595.00",Other,Used,Automatic,Other,"107,049"
95,Toyota,RAV4,2017,"$21,900.00",Grey,Used,NaN,Gasoline,"33,745"
96,Mazda,Other,2006,"$2,495.00",Grey,Used,Automatic,Gasoline,"287,100"
97,Toyota,Corolla,2017,"$16,900.00",White,Used,NaN,Gasoline,"95,547"
98,Volkswagen,Jetta,2010,"$3,495.00",Black,Used,Manual,Gasoline,"185,450"
99,Audi,A8,2014,"$25,999.00",Black,Used,NaN,Gasoline,"122,408"
100,Jeep,Wrangler,2016,"$29,999.00",Blue,Used,NaN,Gasoline,"130,000"
101,Nissan,Versa,2014,"$8,595.00",Other,Used,Automatic,Other,"122,179"
102,Chevrolet,Silverado 2500,2019,"$80,000.00",White,Used,Automatic,NaN,"85,000"
103,Toyota,RAV4,2018,"$25,400.00",Black,Used,NaN,Gasoline,"50,137"
104,Other,Other,2012,"$4,995.00",Gold,Used,Automatic,Other,"210,500"
105,Mazda,3,2012,"$2,500.00",White,Used,NaN,NaN,"220,000"
106,Ford,Edge,2017,"$22,498.00",Other,Used,Automatic,Other,"81,718"
107,Hyundai,Santa Fe,2017,"$22,998.00",Other,Used,Automatic,Other,"74,486"
108,Toyota,Venza,2016,"$20,998.00",Other,Used,Automatic,Other,"69,224"
109,Honda,CR-V,2016,"$18,998.00",Other,Used,Automatic,Other,"72,897"
110,Toyota,RAV4,2017,"$19,998.00",Black,Used,Automatic,Other,"93,245"
111,Toyota,Camry,2016,"$16,998.00",Black,Used,Automatic,Other,"93,966"
112,Mazda,CX-3,2018,"$17,498.00",Other,Used,Automatic,Other,"63,156"
113,Nissan,Rogue,2017,"$16,498.00",Other,Used,Automatic,Other,"72,081"
114,Hyundai,Sonata,2018,"$16,399.00",Other,Used,Automatic,Other,"67,231"
115,Infiniti,QX70,2017,"$39,900.00",Black,Used,Automatic,Gasoline,"52,000"
116,Toyota,Corolla,2017,"$16,400.00",Blue,Used,NaN,Gasoline,"45,079"
117,Kia,Forte,2013,"$3,995.00",Silver,Used,Automatic,Gasoline,"221,150"
118,Toyota,Highlander,2015,"$27,400.00",Gold,Used,NaN,Gasoline,"93,005"
119,Toyota,RAV4,2017,"$19,900.00",Grey,Used,NaN,Gasoline,"66,128"
120,Mazda,Mazda3 Sport,2020,$230.00,NaN,Lease Takeover,Automatic,Gasoline,"10,600"
121,Hyundai,Genesis Coupe,2010,"$5,995.00",Grey,Used,Automatic,Gasoline,"245,800"
122,Hyundai,Santa Fe,2014,"$11,595.00",Silver,Used,Automatic,Other,"111,135"
123,Toyota,Corolla,2017,"$14,800.00",Silver,Used,NaN,Gasoline,"61,691"
124,Ram,1500,2013,"$14,995.00",Red,Used,Automatic,Gasoline,"250,900"
125,Ford,F-250,1988,NaN,Red,Used,Manual,Gasoline,"109,000"
126,Ford,Escape,2014,"$9,995.00",White,Used,Automatic,Gasoline,"135,400"
127,NaN,NaN,NaN,NaN,NaN,NaN,NaN,NaN,NaN
128,NaN,NaN,NaN,NaN,NaN,NaN,NaN,NaN,NaN
129,NaN,NaN,NaN,NaN,NaN,NaN,NaN,NaN,NaN
130,NaN,NaN,NaN,NaN,NaN,NaN,NaN,NaN,NaN
131,NaN,NaN,NaN,NaN,NaN,NaN,NaN,NaN,NaN
132,NaN,NaN,NaN,NaN,NaN,NaN,NaN,NaN,NaN
133,NaN,NaN,NaN,NaN,NaN,NaN,NaN,NaN,NaN
134,Kia,Optima,2014,"$10,688.00",White,Used,Automatic,Gasoline,"81,855"
135,Ford,Fusion,2018,"$17,492.00",Silver,Used,Automatic,Other,"40,969"
136,Ford,Escape,2013,"$8,495.00",Silver,Used,Automatic,Gasoline,"177,139"
137,Hyundai,Elantra,2011,"$5,000.00",White,Used,Automatic,Gasoline,"240,000"
138,Buick,Enclave,2015,"$19,995.00",Black,Used,Automatic,Gasoline,"166,800"
139,Hyundai,Elantra,2008,"$3,000.00",Red,Used,Automatic,Gasoline,"190,000"
140,Toyota,RAV4,2017,"$21,900.00",Grey,Used,NaN,Gasoline,"33,745"
141,Mazda,Other,2006,"$2,495.00",Grey,Used,Automatic,Gasoline,"287,100"
142,Toyota,Corolla,2017,"$16,900.00",White,Used,NaN,Gasoline,"95,547"
143,Volkswagen,Jetta,2010,"$3,495.00",Black,Used,Manual,Gasoline,"185,450"
144,Audi,A8,2014,"$25,999.00",Black,Used,NaN,Gasoline,"122,408"
145,Jeep,Wrangler,2016,"$29,999.00",Blue,Used,NaN,Gasoline,"130,000"
146,Nissan,Versa,2014,"$8,595.00",Other,Used,Automatic,Other,"122,179"
147,Chevrolet,Silverado 2500,2019,"$80,000.00",White,Used,Automatic,NaN,"85,000"
148,Toyota,RAV4,2018,"$25,400.00",Black,Used,NaN,Gasoline,"50,137"
149,Other,Other,2012,"$4,995.00",Gold,Used,Automatic,Other,"210,500"
150,Mazda,3,2012,"$2,500.00",White,Used,NaN,NaN,"220,000"
151,Ford,Edge,2017,"$22,498.00",Other,Used,Automatic,Other,"81,718"
152,Hyundai,Santa Fe,2017,"$22,998.00",Other,Used,Automatic,Other,"74,486"
153,Toyota,Venza,2016,"$20,998.00",Other,Used,Automatic,Other,"69,224"
154,Honda,CR-V,2016,"$18,998.00",Other,Used,Automatic,Other,"72,897"
155,Toyota,RAV4,2017,"$19,998.00",Black,Used,Automatic,Other,"93,245"
156,Toyota,Camry,2016,"$16,998.00",Black,Used,Automatic,Other,"93,966"
157,Mazda,CX-3,2018,"$17,498.00",Other,Used,Automatic,Other,"63,156"
158,Nissan,Rogue,2017,"$16,498.00",Other,Used,Automatic,Other,"72,081"
159,Hyundai,Sonata,2018,"$16,399.00",Other,Used,Automatic,Other,"67,231"
160,Infiniti,QX70,2017,"$39,900.00",Black,Used,Automatic,Gasoline,"52,000"
161,Toyota,Corolla,2017,"$16,400.00",Blue,Used,NaN,Gasoline,"45,079"
162,Kia,Forte,2013,"$3,995.00",Silver,Used,Automatic,Gasoline,"221,150"
163,Toyota,Highlander,2015,"$27,400.00",Gold,Used,NaN,Gasoline,"93,005"
164,Toyota,RAV4,2017,"$19,900.00",Grey,Used,NaN,Gasoline,"66,128"
165,Mazda,Mazda3 Sport,2020,$230.00,NaN,Lease Takeover,Automatic,Gasoline,"10,600"
166,Hyundai,Genesis Coupe,2010,"$5,995.00",Grey,Used,Automatic,Gasoline,"245,800"
167,Hyundai,Santa Fe,2014,"$11,595.00",Silver,Used,Automatic,Other,"111,135"
168,Toyota,Corolla,2017,"$14,800.00",Silver,Used,NaN,Gasoline,"61,691"
169,Ram,1500,2013,"$14,995.00",Red,Used,Automatic,Gasoline,"250,900"
170,Ford,F-250,1988,NaN,Red,Used,Manual,Gasoline,"109,000"
171,Ford,Escape,2014,"$9,995.00",White,Used,Automatic,Gasoline,"135,400"
172,NaN,NaN,NaN,NaN,NaN,NaN,NaN,NaN,NaN
173,NaN,NaN,NaN,NaN,NaN,NaN,NaN,NaN,NaN
174,NaN,NaN,NaN,NaN,NaN,NaN,NaN,NaN,NaN
175,NaN,NaN,NaN,NaN,NaN,NaN,NaN,NaN,NaN
176,NaN,NaN,NaN,NaN,NaN,NaN,NaN,NaN,NaN
177,NaN,NaN,NaN,NaN,NaN,NaN,NaN,NaN,NaN
178,Honda,CR-V,2017,"$20,988.00",Grey,Used,Automatic,Gasoline,"51,579"
179,Chevrolet,Cruze,2019,"$16,880.00",Black,Used,Automatic,Gasoline,"55,343"
180,Toyota,RAV4,2017,"$18,998.00",Black,Used,Automatic,Other,"76,091"
181,Jeep,Patriot,2013,"$5,495.00",Silver,Used,Automatic,Gasoline,"194,720"
182,Pontiac,Vibe,2009,"$5,999.00",Red,Used,Automatic,Gasoline,"191,101"
183,Hyundai,Elantra,2008,"$3,000.00",Red,Used,Automatic,Gasoline,"190,000"
184,Honda,Odyssey,2017,"$25,595.00",Other,Used,Automatic,Other,"107,049"
185,Toyota,RAV4,2017,"$21,900.00",Grey,Used,NaN,Gasoline,"33,745"
186,Mazda,Other,2006,"$2,495.00",Grey,Used,Automatic,Gasoline,"287,100"
187,Volkswagen,Jetta,2010,"$3,495.00",Black,Used,Manual,Gasoline,"185,450"
188,Audi,A8,2014,"$25,999.00",Black,Used,NaN,Gasoline,"122,408"
189,Jeep,Wrangler,2016,"$29,999.00",Blue,Used,NaN,Gasoline,"130,000"
190,Nissan,Versa,2014,"$8,595.00",Other,Used,Automatic,Other,"122,179"
191,Chevrolet,Silverado 2500,2019,"$80,000.00",White,Used,Automatic,NaN,"85,000"
192,Toyota,RAV4,2018,"$25,400.00",Black,Used,NaN,Gasoline,"50,137"
193,Other,Other,2012,"$4,995.00",Gold,Used,Automatic,Other,"210,500"
194,Mazda,3,2012,"$2,500.00",White,Used,NaN,NaN,"220,000"
195,Ford,Edge,2017,"$22,498.00",Other,Used,Automatic,Other,"81,718"
196,Hyundai,Santa Fe,2017,"$22,998.00",Other,Used,Automatic,Other,"74,486"
197,Toyota,Venza,2016,"$20,998.00",Other,Used,Automatic,Other,"69,224"
198,Honda,CR-V,2016,"$18,998.00",Other,Used,Automatic,Other,"72,897"
199,Toyota,RAV4,2017,"$19,998.00",Black,Used,Automatic,Other,"93,245"
200,Toyota,Camry,2016,"$16,998.00",Black,Used,Automatic,Other,"93,966"
201,Mazda,CX-3,2018,"$17,498.00",Other,Used,Automatic,Other,"63,156"
202,Nissan,Rogue,2017,"$16,498.00",Other,Used,Automatic,Other,"72,081"
203,Hyundai,Sonata,2018,"$16,399.00",Other,Used,Automatic,Other,"67,231"
204,Infiniti,QX70,2017,"$39,900.00",Black,Used,Automatic,Gasoline,"52,000"
205,Toyota,Corolla,2017,"$16,400.00",Blue,Used,NaN,Gasoline,"45,079"
206,Kia,Forte,2013,"$3,995.00",Silver,Used,Automatic,Gasoline,"221,150"
207,Toyota,Highlander,2015,"$27,400.00",Gold,Used,NaN,Gasoline,"93,005"
208,Toyota,RAV4,2017,"$19,900.00",Grey,Used,NaN,Gasoline,"66,128"
209,Mazda,Mazda3 Sport,2020,$230.00,NaN,Lease Takeover,Automatic,Gasoline,"10,600"
210,Hyundai,Genesis Coupe,2010,"$5,995.00",Grey,Used,Automatic,Gasoline,"245,800"
211,Hyundai,Santa Fe,2014,"$11,595.00",Silver,Used,Automatic,Other,"111,135"
212,Toyota,Corolla,2017,"$14,800.00",Silver,Used,NaN,Gasoline,"61,691"
213,Ram,1500,2013,"$14,995.00",Red,Used,Automatic,Gasoline,"250,900"
214,Ford,F-250,1988,NaN,Red,Used,Manual,Gasoline,"109,000"
215,Ford,Escape,2014,"$9,995.00",White,Used,Automatic,Gasoline,"135,400"
216,NaN,NaN,NaN,NaN,NaN,NaN,NaN,NaN,NaN
217,NaN,NaN,NaN,NaN,NaN,NaN,NaN,NaN,NaN
218,NaN,NaN,NaN,NaN,NaN,NaN,NaN,NaN,NaN
219,NaN,NaN,NaN,NaN,NaN,NaN,NaN,NaN,NaN
220,NaN,NaN,NaN,NaN,NaN,NaN,NaN,NaN,NaN
221,NaN,NaN,NaN,NaN,NaN,NaN,NaN,NaN,NaN
222,Dodge,Caravan,2012,"$7,000.00",Grey,Used,Automatic,NaN,"137,000"
223,BMW,3-Series,2018,"$39,999.00",Black,Used,Automatic,Gasoline,"69,915"
224,Toyota,Corolla,2016,"$15,998.00",Blue,Used,Automatic,Other,"85,567"
225,BMW,X1,2016,"$18,785.00",Blue,Used,Automatic,Gasoline,"109,101"
226,Toyota,RAV4,2016,"$18,998.00",Red,Used,Automatic,Other,"91,301"
227,Subaru,Outback,2011,"$3,500.00",Black,Used,Automatic,Gasoline,"300,000"
228,Hyundai,Elantra,2008,"$3,000.00",Red,Used,Automatic,Gasoline,"190,000"
229,Honda,Odyssey,2017,"$25,595.00",Other,Used,Automatic,Other,"107,049"
230,Toyota,RAV4,2017,"$21,900.00",Grey,Used,NaN,Gasoline,"33,745"
231,Mazda,Other,2006,"$2,495.00",Grey,Used,Automatic,Gasoline,"287,100"
232,Toyota,Corolla,2017,"$16,900.00",White,Used,NaN,Gasoline,"95,547"
233,Volkswagen,Jetta,2010,"$3,495.00",Black,Used,Manual,Gasoline,"185,450"
234,Audi,A8,2014,"$25,999.00",Black,Used,NaN,Gasoline,"122,408"
235,Jeep,Wrangler,2016,"$29,999.00",Blue,Used,NaN,Gasoline,"130,000"
236,Nissan,Versa,2014,"$8,595.00",Other,Used,Automatic,Other,"122,179"
237,Chevrolet,Silverado 2500,2019,"$80,000.00",White,Used,Automatic,NaN,"85,000"
238,Toyota,RAV4,2018,"$25,400.00",Black,Used,NaN,Gasoline,"50,137"
239,Other,Other,2012,"$4,995.00",Gold,Used,Automatic,Other,"210,500"
240,Mazda,3,2012,"$2,500.00",White,Used,NaN,NaN,"220,000"
241,Ford,Edge,2017,"$22,498.00",Other,Used,Automatic,Other,"81,718"
242,Hyundai,Santa Fe,2017,"$22,998.00",Other,Used,Automatic,Other,"74,486"
243,Toyota,Venza,2016,"$20,998.00",Other,Used,Automatic,Other,"69,224"
244,Honda,CR-V,2016,"$18,998.00",Other,Used,Automatic,Other,"72,897"
245,Toyota,RAV4,2017,"$19,998.00",Black,Used,Automatic,Other,"93,245"
246,Toyota,Camry,2016,"$16,998.00",Black,Used,Automatic,Other,"93,966"
247,Mazda,CX-3,2018,"$17,498.00",Other,Used,Automatic,Other,"63,156"
248,Nissan,Rogue,2017,"$16,498.00",Other,Used,Automatic,Other,"72,081"
249,Hyundai,Sonata,2018,"$16,399.00",Other,Used,Automatic,Other,"67,231"
250,Infiniti,QX70,2017,"$39,900.00",Black,Used,Automatic,Gasoline,"52,000"
251,Toyota,Corolla,2017,"$16,400.00",Blue,Used,NaN,Gasoline,"45,079"
252,Kia,Forte,2013,"$3,995.00",Silver,Used,Automatic,Gasoline,"221,150"
253,Toyota,Highlander,2015,"$27,400.00",Gold,Used,NaN,Gasoline,"93,005"
254,Toyota,RAV4,2017,"$19,900.00",Grey,Used,NaN,Gasoline,"66,128"
255,Mazda,Mazda3 Sport,2020,$230.00,NaN,Lease Takeover,Automatic,Gasoline,"10,600"
256,Hyundai,Genesis Coupe,2010,"$5,995.00",Grey,Used,Automatic,Gasoline,"245,800"
257,Hyundai,Santa Fe,2014,"$11,595.00",Silver,Used,Automatic,Other,"111,135"
258,Toyota,Corolla,2017,"$14,800.00",Silver,Used,NaN,Gasoline,"61,691"
259,Ram,1500,2013,"$14,995.00",Red,Used,Automatic,Gasoline,"250,900"
260,NaN,NaN,NaN,NaN,NaN,NaN,NaN,NaN,NaN
261,NaN,NaN,NaN,NaN,NaN,NaN,NaN,NaN,NaN
262,NaN,NaN,NaN,NaN,NaN,NaN,NaN,NaN,NaN
263,NaN,NaN,NaN,NaN,NaN,NaN,NaN,NaN,NaN
264,Toyota,RAV4,2017,"$27,800.00",Blue,Used,NaN,Gasoline,"65,560"
265,Chevrolet,Cruze,2012,"$3,900.00",NaN,Used,Automatic,Gasoline,"201,000"
266,Volkswagen,Routan,2010,"$5,495.00",White,Used,Automatic,Gasoline,"206,667"
267,Lexus,IS,2014,"$20,988.00",Silver,Used,NaN,Gasoline,"85,057"
268,Volkswagen,GLI,2013,"$9,395.00",Black,Used,Manual,Gasoline,"186,818"
269,Kia,Optima,2016,"$14,988.00",White,Used,Automatic,Gasoline,"98,400"
270,Honda,CR-V,2018,"$25,388.00",Silver,Used,Automatic,Gasoline,"59,840"
271,Subaru,Outback,2011,"$3,500.00",Black,Used,Automatic,Gasoline,"300,000"
272,GMC,Terrain,2019,"$33,995.00",White,Used,Automatic,Other,"38,143"
273,Hyundai,Elantra,2008,"$3,000.00",Red,Used,Automatic,Gasoline,"190,000"
274,Honda,Odyssey,2017,"$25,595.00",Other,Used,Automatic,Other,"107,049"
275,Toyota,RAV4,2017,"$21,900.00",Grey,Used,NaN,Gasoline,"33,745"
276,Mazda,Other,2006,"$2,495.00",Grey,Used,Automatic,Gasoline,"287,100"
277,Toyota,Corolla,2017,"$16,900.00",White,Used,NaN,Gasoline,"95,547"
278,Volkswagen,Jetta,2010,"$3,495.00",Black,Used,Manual,Gasoline,"185,450"
279,Audi,A8,2014,"$25,999.00",Black,Used,NaN,Gasoline,"122,408"
280,Jeep,Wrangler,2016,"$29,999.00",Blue,Used,NaN,Gasoline,"130,000"
281,Nissan,Versa,2014,"$8,595.00",Other,Used,Automatic,Other,"122,179"
282,Chevrolet,Silverado 2500,2019,"$80,000.00",White,Used,Automatic,NaN,"85,000"
283,Toyota,RAV4,2018,"$25,400.00",Black,Used,NaN,Gasoline,"50,137"
284,Other,Other,2012,"$4,995.00",Gold,Used,Automatic,Other,"210,500"
285,Mazda,3,2012,"$2,500.00",White,Used,NaN,NaN,"220,000"
286,Ford,Edge,2017,"$22,498.00",Other,Used,Automatic,Other,"81,718"
287,Hyundai,Santa Fe,2017,"$22,998.00",Other,Used,Automatic,Other,"74,486"
288,Toyota,Venza,2016,"$20,998.00",Other,Used,Automatic,Other,"69,224"
289,Honda,CR-V,2016,"$18,998.00",Other,Used,Automatic,Other,"72,897"
290,Toyota,RAV4,2017,"$19,998.00",Black,Used,Automatic,Other,"93,245"
291,Toyota,Camry,2016,"$16,998.00",Black,Used,Automatic,Other,"93,966"
292,Mazda,CX-3,2018,"$17,498.00",Other,Used,Automatic,Other,"63,156"
293,Nissan,Rogue,2017,"$16,498.00",Other,Used,Automatic,Other,"72,081"
294,Hyundai,Sonata,2018,"$16,399.00",Other,Used,Automatic,Other,"67,231"
295,Infiniti,QX70,2017,"$39,900.00",Black,Used,Automatic,Gasoline,"52,000"
296,Toyota,Corolla,2017,"$16,400.00",Blue,Used,NaN,Gasoline,"45,079"
297,Kia,Forte,2013,"$3,995.00",Silver,Used,Automatic,Gasoline,"221,150"
298,Toyota,Highlander,2015,"$27,400.00",Gold,Used,NaN,Gasoline,"93,005"
299,Toyota,RAV4,2017,"$19,900.00",Grey,Used,NaN,Gasoline,"66,128"
300,Mazda,Mazda3 Sport,2020,$230.00,NaN,Lease Takeover,Automatic,Gasoline,"10,600"
301,Hyundai,Genesis Coupe,2010,"$5,995.00",Grey,Used,Automatic,Gasoline,"245,800"
302,NaN,NaN,NaN,NaN,NaN,NaN,NaN,NaN,NaN
303,NaN,NaN,NaN,NaN,NaN,NaN,NaN,NaN,NaN
304,NaN,NaN,NaN,NaN,NaN,NaN,NaN,NaN,NaN
305,NaN,NaN,NaN,NaN,NaN,NaN,NaN,NaN,NaN
306,NaN,NaN,NaN,NaN,NaN,NaN,NaN,NaN,NaN
307,NaN,NaN,NaN,NaN,NaN,NaN,NaN,NaN,NaN
308,NaN,NaN,NaN,NaN,NaN,NaN,NaN,NaN,NaN
309,NaN,NaN,NaN,NaN,NaN,NaN,NaN,NaN,NaN
310,NaN,NaN,NaN,NaN,NaN,NaN,NaN,NaN,NaN
311,Ford,Escape,2013,"$8,495.00",Silver,Used,Automatic,Gasoline,"177,139"
312,Mercedes-Benz,GLC,2018,"$37,998.00",Silver,Used,Automatic,Gasoline,"63,102"
313,Kia,Optima,2014,"$10,688.00",White,Used,Automatic,Gasoline,"81,855"
314,Subaru,Forester,2010,"$3,500.00",Green,Used,Automatic,Gasoline,"199,500"
315,Jeep,Wrangler,2016,"$29,999.00",Blue,Used,NaN,Gasoline,"130,000"
316,Subaru,Outback,2011,"$3,500.00",Black,Used,Automatic,Gasoline,"300,000"
317,GMC,Terrain,2019,"$33,995.00",White,Used,Automatic,Other,"38,143"
318,Hyundai,Elantra,2008,"$3,000.00",Red,Used,Automatic,Gasoline,"190,000"
319,Honda,Odyssey,2017,"$25,595.00",Other,Used,Automatic,Other,"107,049"
320,Mazda,Other,2006,"$2,495.00",Grey,Used,Automatic,Gasoline,"287,100"
321,Toyota,Corolla,2017,"$16,900.00",White,Used,NaN,Gasoline,"95,547"
322,Volkswagen,Jetta,2010,"$3,495.00",Black,Used,Manual,Gasoline,"185,450"
323,Audi,A8,2014,"$25,999.00",Black,Used,NaN,Gasoline,"122,408"
324,Jeep,Wrangler,2016,"$29,999.00",Blue,Used,NaN,Gasoline,"130,000"
325,Nissan,Versa,2014,"$8,595.00",Other,Used,Automatic,Other,"122,179"
326,Chevrolet,Silverado 2500,2019,"$80,000.00",White,Used,Automatic,NaN,"85,000"
327,Toyota,RAV4,2018,"$25,400.00",Black,Used,NaN,Gasoline,"50,137"
328,Other,Other,2012,"$4,995.00",Gold,Used,Automatic,Other,"210,500"
329,Mazda,3,2012,"$2,500.00",White,Used,NaN,NaN,"220,000"
330,Ford,Edge,2017,"$22,498.00",Other,Used,Automatic,Other,"81,718"
331,Hyundai,Santa Fe,2017,"$22,998.00",Other,Used,Automatic,Other,"74,486"
332,Toyota,Venza,2016,"$20,998.00",Other,Used,Automatic,Other,"69,224"
333,Honda,CR-V,2016,"$18,998.00",Other,Used,Automatic,Other,"72,897"
334,Toyota,RAV4,2017,"$19,998.00",Black,Used,Automatic,Other,"93,245"
335,Toyota,Camry,2016,"$16,998.00",Black,Used,Automatic,Other,"93,966"
336,Mazda,CX-3,2018,"$17,498.00",Other,Used,Automatic,Other,"63,156"
337,Nissan,Rogue,2017,"$16,498.00",Other,Used,Automatic,Other,"72,081"
338,Hyundai,Sonata,2018,"$16,399.00",Other,Used,Automatic,Other,"67,231"
339,Infiniti,QX70,2017,"$39,900.00",Black,Used,Automatic,Gasoline,"52,000"
340,Toyota,Corolla,2017,"$16,400.00",Blue,Used,NaN,Gasoline,"45,079"
341,Kia,Forte,2013,"$3,995.00",Silver,Used,Automatic,Gasoline,"221,150"
342,Toyota,Highlander,2015,"$27,400.00",Gold,Used,NaN,Gasoline,"93,005"
343,Toyota,RAV4,2017,"$19,900.00",Grey,Used,NaN,Gasoline,"66,128"
344,Mazda,Mazda3 Sport,2020,$230.00,NaN,Lease Takeover,Automatic,Gasoline,"10,600"
345,Hyundai,Genesis Coupe,2010,"$5,995.00",Grey,Used,Automatic,Gasoline,"245,800"
346,Hyundai,Santa Fe,2014,"$11,595.00",Silver,Used,Automatic,Other,"111,135"
347,Toyota,Corolla,2017,"$14,800.00",Silver,Used,NaN,Gasoline,"61,691"
348,Ram,1500,2013,"$14,995.00",Red,Used,Automatic,Gasoline,"250,900"
349,NaN,NaN,NaN,NaN,NaN,NaN,NaN,NaN,NaN
350,NaN,NaN,NaN,NaN,NaN,NaN,NaN,NaN,NaN
351,NaN,NaN,NaN,NaN,NaN,NaN,NaN,NaN,NaN
352,NaN,NaN,NaN,NaN,NaN,NaN,NaN,NaN,NaN
353,NaN,NaN,NaN,NaN,NaN,NaN,NaN,NaN,NaN
354,NaN,NaN,NaN,NaN,NaN,NaN,NaN,NaN,NaN
355,Pontiac,Vibe,2009,"$5,999.00",Red,Used,Automatic,Gasoline,"191,101"
356,Nissan,Versa,2017,"$10,294.00",Orange,Used,Automatic,Gasoline,"125,873"
357,Lincoln,MKZ,2012,"$9,492.00",White,Used,Automatic,Other,"166,446"
358,Toyota,Tacoma,2019,"$41,998.00",Other,Used,Automatic,Other,"80,244"
359,GMC,Sierra 1500,2018,"$38,999.00",White,Used,Automatic,Gasoline,"161,260"
360,Subaru,Outback,2011,"$3,500.00",Black,Used,Automatic,Gasoline,"300,000"
361,Hyundai,Elantra,2008,"$3,000.00",Red,Used,Automatic,Gasoline,"190,000"
362,Honda,Odyssey,2017,"$25,595.00",Other,Used,Automatic,Other,"107,049"
363,Toyota,RAV4,2017,"$21,900.00",Grey,Used,NaN,Gasoline,"33,745"
364,Mazda,Other,2006,"$2,495.00",Grey,Used,Automatic,Gasoline,"287,100"
365,Toyota,Corolla,2017,"$16,900.00",White,Used,NaN,Gasoline,"95,547"
366,Volkswagen,Jetta,2010,"$3,495.00",Black,Used,Manual,Gasoline,"185,450"
367,Audi,A8,2014,"$25,999.00",Black,Used,NaN,Gasoline,"122,408"
368,Jeep,Wrangler,2016,"$29,999.00",Blue,Used,NaN,Gasoline,"130,000"
369,Nissan,Versa,2014,"$8,595.00",Other,Used,Automatic,Other,"122,179"
370,Chevrolet,Silverado 2500,2019,"$80,000.00",White,Used,Automatic,NaN,"85,000"
371,Toyota,RAV4,2018,"$25,400.00",Black,Used,NaN,Gasoline,"50,137"
372,Other,Other,2012,"$4,995.00",Gold,Used,Automatic,Other,"210,500"
373,Mazda,3,2012,"$2,500.00",White,Used,NaN,NaN,"220,000"
374,Ford,Edge,2017,"$22,498.00",Other,Used,Automatic,Other,"81,718"
375,Hyundai,Santa Fe,2017,"$22,998.00",Other,Used,Automatic,Other,"74,486"
376,Toyota,Venza,2016,"$20,998.00",Other,Used,Automatic,Other,"69,224"
377,Honda,CR-V,2016,"$18,998.00",Other,Used,Automatic,Other,"72,897"
378,Toyota,RAV4,2017,"$19,998.00",Black,Used,Automatic,Other,"93,245"
379,Toyota,Camry,2016,"$16,998.00",Black,Used,Automatic,Other,"93,966"
380,Mazda,CX-3,2018,"$17,498.00",Other,Used,Automatic,Other,"63,156"
381,Nissan,Rogue,2017,"$16,498.00",Other,Used,Automatic,Other,"72,081"
382,Hyundai,Sonata,2018,"$16,399.00",Other,Used,Automatic,Other,"67,231"
383,Infiniti,QX70,2017,"$39,900.00",Black,Used,Automatic,Gasoline,"52,000"
384,Toyota,Corolla,2017,"$16,400.00",Blue,Used,NaN,Gasoline,"45,079"
385,Kia,Forte,2013,"$3,995.00",Silver,Used,Automatic,Gasoline,"221,150"
386,Toyota,Highlander,2015,"$27,400.00",Gold,Used,NaN,Gasoline,"93,005"
387,Toyota,RAV4,2017,"$19,900.00",Grey,Used,NaN,Gasoline,"66,128"
388,Mazda,Mazda3 Sport,2020,$230.00,NaN,Lease Takeover,Automatic,Gasoline,"10,600"
389,Hyundai,Genesis Coupe,2010,"$5,995.00",Grey,Used,Automatic,Gasoline,"245,800"
390,Hyundai,Santa Fe,2014,"$11,595.00",Silver,Used,Automatic,Other,"111,135"
391,Toyota,Corolla,2017,"$14,800.00",Silver,Used,NaN,Gasoline,"61,691"
392,Ram,1500,2013,"$14,995.00",Red,Used,Automatic,Gasoline,"250,900"
393,NaN,NaN,NaN,NaN,NaN,NaN,NaN,NaN,NaN
394,NaN,NaN,NaN,NaN,NaN,NaN,NaN,NaN,NaN
395,NaN,NaN,NaN,NaN,NaN,NaN,NaN,NaN,NaN
396,NaN,NaN,NaN,NaN,NaN,NaN,NaN,NaN,NaN
397,NaN,NaN,NaN,NaN,NaN,NaN,NaN,NaN,NaN
398,NaN,NaN,NaN,NaN,NaN,NaN,NaN,NaN,NaN
399,Honda,Other,2010,"$5,000.00",Red,Used,Manual,Gasoline,"207,000"
400,Ram,1500,2021,"$48,078.00",Black,New,Automatic,Other,NaN
401,Cadillac,SRX,2010,"$12,992.00",Grey,Used,Automatic,Other,"128,904"
402,Volkswagen,Tiguan,2018,"$26,997.00",White,Used,Automatic,Gasoline,"28,012"
403,Hyundai,Genesis Coupe,2010,"$6,495.00",Silver,Used,Manual,Gasoline,"208,650"
404,Subaru,Outback,2011,"$3,500.00",Black,Used,Automatic,Gasoline,"300,000"
405,GMC,Terrain,2019,"$33,995.00",White,Used,Automatic,Other,"38,143"
406,Hyundai,Elantra,2008,"$3,000.00",Red,Used,Automatic,Gasoline,"190,000"
407,Honda,Odyssey,2017,"$25,595.00",Other,Used,Automatic,Other,"107,049"
408,Toyota,RAV4,2017,"$21,900.00",Grey,Used,NaN,Gasoline,"33,745"
409,Mazda,Other,2006,"$2,495.00",Grey,Used,Automatic,Gasoline,"287,100"
410,Toyota,Corolla,2017,"$16,900.00",White,Used,NaN,Gasoline,"95,547"
411,Volkswagen,Jetta,2010,"$3,495.00",Black,Used,Manual,Gasoline,"185,450"
412,Audi,A8,2014,"$25,999.00",Black,Used,NaN,Gasoline,"122,408"
413,Jeep,Wrangler,2016,"$29,999.00",Blue,Used,NaN,Gasoline,"130,000"
414,Nissan,Versa,2014,"$8,595.00",Other,Used,Automatic,Other,"122,179"
415,Chevrolet,Silverado 2500,2019,"$80,000.00",White,Used,Automatic,NaN,"85,000"
416,Toyota,RAV4,2018,"$25,400.00",Black,Used,NaN,Gasoline,"50,137"
417,Other,Other,2012,"$4,995.00",Gold,Used,Automatic,Other,"210,500"
418,Mazda,3,2012,"$2,500.00",White,Used,NaN,NaN,"220,000"
419,Ford,Edge,2017,"$22,498.00",Other,Used,Automatic,Other,"81,718"
420,Hyundai,Santa Fe,2017,"$22,998.00",Other,Used,Automatic,Other,"74,486"
421,Toyota,Venza,2016,"$20,998.00",Other,Used,Automatic,Other,"69,224"
422,Honda,CR-V,2016,"$18,998.00",Other,Used,Automatic,Other,"72,897"
423,Toyota,RAV4,2017,"$19,998.00",Black,Used,Automatic,Other,"93,245"
424,Toyota,Camry,2016,"$16,998.00",Black,Used,Automatic,Other,"93,966"
425,Mazda,CX-3,2018,"$17,498.00",Other,Used,Automatic,Other,"63,156"
426,Nissan,Rogue,2017,"$16,498.00",Other,Used,Automatic,Other,"72,081"
427,Hyundai,Sonata,2018,"$16,399.00",Other,Used,Automatic,Other,"67,231"
428,Infiniti,QX70,2017,"$39,900.00",Black,Used,Automatic,Gasoline,"52,000"
429,Toyota,Corolla,2017,"$16,400.00",Blue,Used,NaN,Gasoline,"45,079"
430,Kia,Forte,2013,"$3,995.00",Silver,Used,Automatic,Gasoline,"221,150"
431,Toyota,Highlander,2015,"$27,400.00",Gold,Used,NaN,Gasoline,"93,005"
432,Toyota,RAV4,2017,"$19,900.00",Grey,Used,NaN,Gasoline,"66,128"
433,Mazda,Mazda3 Sport,2020,$230.00,NaN,Lease Takeover,Automatic,Gasoline,"10,600"
434,Hyundai,Genesis Coupe,2010,"$5,995.00",Grey,Used,Automatic,Gasoline,"245,800"
435,Hyundai,Santa Fe,2014,"$11,595.00",Silver,Used,Automatic,Other,"111,135"
436,Toyota,Corolla,2017,"$14,800.00",Silver,Used,NaN,Gasoline,"61,691"
437,NaN,NaN,NaN,NaN,NaN,NaN,NaN,NaN,NaN
438,NaN,NaN,NaN,NaN,NaN,NaN,NaN,NaN,NaN
439,NaN,NaN,NaN,NaN,NaN,NaN,NaN,NaN,NaN
440,NaN,NaN,NaN,NaN,NaN,NaN,NaN,NaN,NaN
441,NaN,NaN,NaN,NaN,NaN,NaN,NaN,NaN,NaN
442,NaN,NaN,NaN,NaN,NaN,NaN,NaN,NaN,NaN
443,NaN,NaN,NaN,NaN,NaN,NaN,NaN,NaN,NaN
444,Ford,Escape,2013,"$8,495.00",Silver,Used,Automatic,Gasoline,"177,139"
445,Nissan,Rogue,2017,"$19,492.00",Red,Used,Automatic,Gasoline,"71,111"
446,Hyundai,Elantra,2016,"$10,492.00",Silver,Used,Automatic,Other,"77,548"
447,Toyota,Corolla,2016,"$15,998.00",Blue,Used,Automatic,Other,"85,567"
448,Dodge,Grand Caravan,2019,"$25,992.00",Grey,Used,Automatic,Other,"42,441"
449,Jeep,Compass,2018,"$26,995.00",Other,Used,Automatic,Other,"45,515"
450,Subaru,Outback,2011,"$3,500.00",Black,Used,Automatic,Gasoline,"300,000"
451,GMC,Terrain,2019,"$33,995.00",White,Used,Automatic,Other,"38,143"
452,Hyundai,Elantra,2008,"$3,000.00",Red,Used,Automatic,Gasoline,"190,000"
453,Toyota,RAV4,2017,"$21,900.00",Grey,Used,NaN,Gasoline,"33,745"
454,Mazda,Other,2006,"$2,495.00",Grey,Used,Automatic,Gasoline,"287,100"
455,Toyota,Corolla,2017,"$16,900.00",White,Used,NaN,Gasoline,"95,547"
456,Volkswagen,Jetta,2010,"$3,495.00",Black,Used,Manual,Gasoline,"185,450"
457,Audi,A8,2014,"$25,999.00",Black,Used,NaN,Gasoline,"122,408"
458,Jeep,Wrangler,2016,"$29,999.00",Blue,Used,NaN,Gasoline,"130,000"
459,Nissan,Versa,2014,"$8,595.00",Other,Used,Automatic,Other,"122,179"
460,Chevrolet,Silverado 2500,2019,"$80,000.00",White,Used,Automatic,NaN,"85,000"
461,Toyota,RAV4,2018,"$25,400.00",Black,Used,NaN,Gasoline,"50,137"
462,Other,Other,2012,"$4,995.00",Gold,Used,Automatic,Other,"210,500"
463,Mazda,3,2012,"$2,500.00",White,Used,NaN,NaN,"220,000"
464,Ford,Edge,2017,"$22,498.00",Other,Used,Automatic,Other,"81,718"
465,Hyundai,Santa Fe,2017,"$22,998.00",Other,Used,Automatic,Other,"74,486"
466,Toyota,Venza,2016,"$20,998.00",Other,Used,Automatic,Other,"69,224"
467,Honda,CR-V,2016,"$18,998.00",Other,Used,Automatic,Other,"72,897"
468,Toyota,RAV4,2017,"$19,998.00",Black,Used,Automatic,Other,"93,245"
469,Toyota,Camry,2016,"$16,998.00",Black,Used,Automatic,Other,"93,966"
470,Mazda,CX-3,2018,"$17,498.00",Other,Used,Automatic,Other,"63,156"
471,Nissan,Rogue,2017,"$16,498.00",Other,Used,Automatic,Other,"72,081"
472,Hyundai,Sonata,2018,"$16,399.00",Other,Used,Automatic,Other,"67,231"
473,Infiniti,QX70,2017,"$39,900.00",Black,Used,Automatic,Gasoline,"52,000"
474,Toyota,Corolla,2017,"$16,400.00",Blue,Used,NaN,Gasoline,"45,079"
475,Kia,Forte,2013,"$3,995.00",Silver,Used,Automatic,Gasoline,"221,150"
476,Toyota,Highlander,2015,"$27,400.00",Gold,Used,NaN,Gasoline,"93,005"
477,Toyota,RAV4,2017,"$19,900.00",Grey,Used,NaN,Gasoline,"66,128"
478,Mazda,Mazda3 Sport,2020,$230.00,NaN,Lease Takeover,Automatic,Gasoline,"10,600"
479,Hyundai,Genesis Coupe,2010,"$5,995.00",Grey,Used,Automatic,Gasoline,"245,800"
480,Hyundai,Santa Fe,2014,"$11,595.00",Silver,Used,Automatic,Other,"111,135"
481,Toyota,Corolla,2017,"$14,800.00",Silver,Used,NaN,Gasoline,"61,691"
482,NaN,NaN,NaN,NaN,NaN,NaN,NaN,NaN,NaN
483,NaN,NaN,NaN,NaN,NaN,NaN,NaN,NaN,NaN
484,NaN,NaN,NaN,NaN,NaN,NaN,NaN,NaN,NaN
485,NaN,NaN,NaN,NaN,NaN,NaN,NaN,NaN,NaN
486,NaN,NaN,NaN,NaN,NaN,NaN,NaN,NaN,NaN
487,NaN,NaN,NaN,NaN,NaN,NaN,NaN,NaN,NaN
488,Ford,F-250,2006,"$10,000.00",Grey,Used,Automatic,NaN,"72,000"
489,GMC,Sierra,2017,"$32,995.00",Black,Used,Automatic,Gasoline,"119,200"
490,Honda,CR-V,2017,"$20,988.00",Grey,Used,Automatic,Gasoline,"51,579"
491,Hyundai,Sonata,2017,"$13,492.00",Silver,Used,Automatic,Other,"82,588"
492,Honda,CR-V,2018,"$25,388.00",Silver,Used,Automatic,Gasoline,"59,840"
493,Jeep,Compass,2018,"$26,995.00",Other,Used,Automatic,Other,"45,515"
494,Subaru,Outback,2011,"$3,500.00",Black,Used,Automatic,Gasoline,"300,000"
495,GMC,Terrain,2019,"$33,995.00",White,Used,Automatic,Other,"38,143"
496,Hyundai,Elantra,2008,"$3,000.00",Red,Used,Automatic,Gasoline,"190,000"
497,Toyota,RAV4,2017,"$21,900.00",Grey,Used,NaN,Gasoline,"33,745"
498,Mazda,Other,2006,"$2,495.00",Grey,Used,Automatic,Gasoline,"287,100"
499,Toyota,Corolla,2017,"$16,900.00",White,Used,NaN,Gasoline,"95,547"
500,Volkswagen,Jetta,2010,"$3,495.00",Black,Used,Manual,Gasoline,"185,450"
501,Audi,A8,2014,"$25,999.00",Black,Used,NaN,Gasoline,"122,408"
502,Jeep,Wrangler,2016,"$29,999.00",Blue,Used,NaN,Gasoline,"130,000"
503,Nissan,Versa,2014,"$8,595.00",Other,Used,Automatic,Other,"122,179"
504,Chevrolet,Silverado 2500,2019,"$80,000.00",White,Used,Automatic,NaN,"85,000"
505,Toyota,RAV4,2018,"$25,400.00",Black,Used,NaN,Gasoline,"50,137"
506,Other,Other,2012,"$4,995.00",Gold,Used,Automatic,Other,"210,500"
507,Mazda,3,2012,"$2,500.00",White,Used,NaN,NaN,"220,000"
508,Ford,Edge,2017,"$22,498.00",Other,Used,Automatic,Other,"81,718"
509,Hyundai,Santa Fe,2017,"$22,998.00",Other,Used,Automatic,Other,"74,486"
510,Toyota,Venza,2016,"$20,998.00",Other,Used,Automatic,Other,"69,224"
511,Honda,CR-V,2016,"$18,998.00",Other,Used,Automatic,Other,"72,897"
512,Toyota,RAV4,2017,"$19,998.00",Black,Used,Automatic,Other,"93,245"
513,Toyota,Camry,2016,"$16,998.00",Black,Used,Automatic,Other,"93,966"
514,Mazda,CX-3,2018,"$17,498.00",Other,Used,Automatic,Other,"63,156"
515,Nissan,Rogue,2017,"$16,498.00",Other,Used,Automatic,Other,"72,081"
516,Hyundai,Sonata,2018,"$16,399.00",Other,Used,Automatic,Other,"67,231"
517,Infiniti,QX70,2017,"$39,900.00",Black,Used,Automatic,Gasoline,"52,000"
518,Toyota,Corolla,2017,"$16,400.00",Blue,Used,NaN,Gasoline,"45,079"
519,Kia,Forte,2013,"$3,995.00",Silver,Used,Automatic,Gasoline,"221,150"
520,Toyota,Highlander,2015,"$27,400.00",Gold,Used,NaN,Gasoline,"93,005"
521,Toyota,RAV4,2017,"$19,900.00",Grey,Used,NaN,Gasoline,"66,128"
522,Mazda,Mazda3 Sport,2020,$230.00,NaN,Lease Takeover,Automatic,Gasoline,"10,600"
523,Hyundai,Genesis Coupe,2010,"$5,995.00",Grey,Used,Automatic,Gasoline,"245,800"
524,Hyundai,Santa Fe,2014,"$11,595.00",Silver,Used,Automatic,Other,"111,135"
525,Toyota,Corolla,2017,"$14,800.00",Silver,Used,NaN,Gasoline,"61,691"
526,NaN,NaN,NaN,NaN,NaN,NaN,NaN,NaN,NaN
527,Ford,F-250,1988,NaN,Red,Used,Manual,Gasoline,"109,000"
528,Ford,Escape,2014,"$9,995.00",White,Used,Automatic,Gasoline,"135,400"
529,GMC,Acadia,2017,"$29,000.00",Black,Used,Automatic,Gasoline,"95,000"
530,Pontiac,Montana,2005,"$2,000.00",NaN,Used,Automatic,NaN,"166,120"
531,Toyota,RAV4,2017,"$27,800.00",Blue,Used,NaN,Gasoline,"65,560"
532,Kia,Sorento,2011,"$8,495.00",Red,Used,Automatic,Gasoline,"124,473"
533,Nissan,Pathfinder,2020,NaN,White,Used,Automatic,Gasoline,"18,886"
534,Honda,Other,2010,"$5,000.00",Red,Used,Manual,Gasoline,"207,000"
535,Ford,Edge,2012,"$11,900.00",White,Used,Automatic,Gasoline,"55,000"
536,Hyundai,Elantra,2011,"$5,000.00",White,Used,Automatic,Gasoline,"240,000"
537,Jeep,Compass,2018,"$26,995.00",Other,Used,Automatic,Other,"45,515"
538,Subaru,Outback,2011,"$3,500.00",Black,Used,Automatic,Gasoline,"300,000"
539,GMC,Terrain,2019,"$33,995.00",White,Used,Automatic,Other,"38,143"
540,Hyundai,Elantra,2008,"$3,000.00",Red,Used,Automatic,Gasoline,"190,000"
541,Honda,Odyssey,2017,"$25,595.00",Other,Used,Automatic,Other,"107,049"
542,Toyota,RAV4,2017,"$21,900.00",Grey,Used,NaN,Gasoline,"33,745"
543,Mazda,Other,2006,"$2,495.00",Grey,Used,Automatic,Gasoline,"287,100"
544,Toyota,Corolla,2017,"$16,900.00",White,Used,NaN,Gasoline,"95,547"
545,Volkswagen,Jetta,2010,"$3,495.00",Black,Used,Manual,Gasoline,"185,450"
546,Audi,A8,2014,"$25,999.00",Black,Used,NaN,Gasoline,"122,408"
547,Jeep,Wrangler,2016,"$29,999.00",Blue,Used,NaN,Gasoline,"130,000"
548,Nissan,Versa,2014,"$8,595.00",Other,Used,Automatic,Other,"122,179"
549,Chevrolet,Silverado 2500,2019,"$80,000.00",White,Used,Automatic,NaN,"85,000"
550,Toyota,RAV4,2018,"$25,400.00",Black,Used,NaN,Gasoline,"50,137"
551,Other,Other,2012,"$4,995.00",Gold,Used,Automatic,Other,"210,500"
552,Mazda,3,2012,"$2,500.00",White,Used,NaN,NaN,"220,000"
553,Ford,Edge,2017,"$22,498.00",Other,Used,Automatic,Other,"81,718"
554,Hyundai,Santa Fe,2017,"$22,998.00",Other,Used,Automatic,Other,"74,486"
555,Toyota,Venza,2016,"$20,998.00",Other,Used,Automatic,Other,"69,224"
556,Honda,CR-V,2016,"$18,998.00",Other,Used,Automatic,Other,"72,897"
557,Toyota,RAV4,2017,"$19,998.00",Black,Used,Automatic,Other,"93,245"
558,Toyota,Camry,2016,"$16,998.00",Black,Used,Automatic,Other,"93,966"
559,Mazda,CX-3,2018,"$17,498.00",Other,Used,Automatic,Other,"63,156"
560,Nissan,Rogue,2017,"$16,498.00",Other,Used,Automatic,Other,"72,081"
561,Hyundai,Sonata,2018,"$16,399.00",Other,Used,Automatic,Other,"67,231"
562,Infiniti,QX70,2017,"$39,900.00",Black,Used,Automatic,Gasoline,"52,000"
563,NaN,NaN,NaN,NaN,NaN,NaN,NaN,NaN,NaN
564,NaN,NaN,NaN,NaN,NaN,NaN,NaN,NaN,NaN
565,NaN,NaN,NaN,NaN,NaN,NaN,NaN,NaN,NaN
566,NaN,NaN,NaN,NaN,NaN,NaN,NaN,NaN,NaN
567,NaN,NaN,NaN,NaN,NaN,NaN,NaN,NaN,NaN
568,NaN,NaN,NaN,NaN,NaN,NaN,NaN,NaN,NaN
569,NaN,NaN,NaN,NaN,NaN,NaN,NaN,NaN,NaN
570,NaN,NaN,NaN,NaN,NaN,NaN,NaN,NaN,NaN
571,NaN,NaN,NaN,NaN,NaN,NaN,NaN,NaN,NaN
572,NaN,NaN,NaN,NaN,NaN,NaN,NaN,NaN,NaN
573,NaN,NaN,NaN,NaN,NaN,NaN,NaN,NaN,NaN
574,NaN,NaN,NaN,NaN,NaN,NaN,NaN,NaN,NaN
575,NaN,NaN,NaN,NaN,NaN,NaN,NaN,NaN,NaN
576,Toyota,RAV4,2017,"$27,800.00",Blue,Used,NaN,Gasoline,"65,560"
577,Toyota,RAV4,2016,"$18,998.00",Red,Used,Automatic,Other,"91,301"
578,Dodge,Grand Caravan,2020,"$29,495.00",Other,Used,Automatic,Other,"20,380"
579,Kia,Sorento,2011,"$8,495.00",Red,Used,Automatic,Gasoline,"124,473"
580,Toyota,Prius,2016,"$19,400.00",Black,Used,NaN,Hybrid-Electric,"64,614"
581,Dodge,Caravan,2012,"$7,000.00",Grey,Used,Automatic,NaN,"137,000"
582,Jeep,Compass,2018,"$26,995.00",Other,Used,Automatic,Other,"45,515"
583,Subaru,Outback,2011,"$3,500.00",Black,Used,Automatic,Gasoline,"300,000"
584,GMC,Terrain,2019,"$33,995.00",White,Used,Automatic,Other,"38,143"
585,Hyundai,Elantra,2008,"$3,000.00",Red,Used,Automatic,Gasoline,"190,000"
586,Toyota,RAV4,2017,"$21,900.00",Grey,Used,NaN,Gasoline,"33,745"
587,Mazda,Other,2006,"$2,495.00",Grey,Used,Automatic,Gasoline,"287,100"
588,Toyota,Corolla,2017,"$16,900.00",White,Used,NaN,Gasoline,"95,547"
589,Volkswagen,Jetta,2010,"$3,495.00",Black,Used,Manual,Gasoline,"185,450"
590,Audi,A8,2014,"$25,999.00",Black,Used,NaN,Gasoline,"122,408"
591,Jeep,Wrangler,2016,"$29,999.00",Blue,Used,NaN,Gasoline,"130,000"
592,Nissan,Versa,2014,"$8,595.00",Other,Used,Automatic,Other,"122,179"
593,Chevrolet,Silverado 2500,2019,"$80,000.00",White,Used,Automatic,NaN,"85,000"
594,Toyota,RAV4,2018,"$25,400.00",Black,Used,NaN,Gasoline,"50,137"
595,Other,Other,2012,"$4,995.00",Gold,Used,Automatic,Other,"210,500"
596,Mazda,3,2012,"$2,500.00",White,Used,NaN,NaN,"220,000"
597,Ford,Edge,2017,"$22,498.00",Other,Used,Automatic,Other,"81,718"
598,Hyundai,Santa Fe,2017,"$22,998.00",Other,Used,Automatic,Other,"74,486"
599,Toyota,Venza,2016,"$20,998.00",Other,Used,Automatic,Other,"69,224"
600,Honda,CR-V,2016,"$18,998.00",Other,Used,Automatic,Other,"72,897"
601,Toyota,RAV4,2017,"$19,998.00",Black,Used,Automatic,Other,"93,245"
602,Toyota,Camry,2016,"$16,998.00",Black,Used,Automatic,Other,"93,966"
603,Mazda,CX-3,2018,"$17,498.00",Other,Used,Automatic,Other,"63,156"
604,Nissan,Rogue,2017,"$16,498.00",Other,Used,Automatic,Other,"72,081"
605,Hyundai,Sonata,2018,"$16,399.00",Other,Used,Automatic,Other,"67,231"
606,Infiniti,QX70,2017,"$39,900.00",Black,Used,Automatic,Gasoline,"52,000"
607,Toyota,Corolla,2017,"$16,400.00",Blue,Used,NaN,Gasoline,"45,079"
608,Kia,Forte,2013,"$3,995.00",Silver,Used,Automatic,Gasoline,"221,150"
609,Toyota,Highlander,2015,"$27,400.00",Gold,Used,NaN,Gasoline,"93,005"
610,Toyota,RAV4,2017,"$19,900.00",Grey,Used,NaN,Gasoline,"66,128"
611,Mazda,Mazda3 Sport,2020,$230.00,NaN,Lease Takeover,Automatic,Gasoline,"10,600"
612,Hyundai,Genesis Coupe,2010,"$5,995.00",Grey,Used,Automatic,Gasoline,"245,800"
613,Hyundai,Santa Fe,2014,"$11,595.00",Silver,Used,Automatic,Other,"111,135"
614,NaN,NaN,NaN,NaN,NaN,NaN,NaN,NaN,NaN
615,NaN,NaN,NaN,NaN,NaN,NaN,NaN,NaN,NaN
616,NaN,NaN,NaN,NaN,NaN,NaN,NaN,NaN,NaN
617,NaN,NaN,NaN,NaN,NaN,NaN,NaN,NaN,NaN
618,GMC,Acadia,2017,"$29,000.00",Black,Used,Automatic,Gasoline,"95,000"
619,Pontiac,Montana,2005,"$2,000.00",NaN,Used,Automatic,NaN,"166,120"
620,Toyota,RAV4,2017,"$27,800.00",Blue,Used,NaN,Gasoline,"65,560"
621,Buick,Enclave,2015,"$19,995.00",Black,Used,Automatic,Gasoline,"166,800"
622,Honda,Civic,2019,"$19,400.00",Blue,Used,Automatic,Gasoline,"41,599"
623,Hyundai,Genesis Coupe,2010,"$6,495.00",Silver,Used,Manual,Gasoline,"208,650"
624,Honda,CR-V,2017,"$20,988.00",Grey,Used,Automatic,Gasoline,"51,579"
625,Toyota,Corolla,2017,"$13,992.00",Other,Used,Automatic,Other,"98,765"
626,Jeep,Compass,2018,"$26,995.00",Other,Used,Automatic,Other,"45,515"
627,Subaru,Outback,2011,"$3,500.00",Black,Used,Automatic,Gasoline,"300,000"
628,GMC,Terrain,2019,"$33,995.00",White,Used,Automatic,Other,"38,143"
629,Hyundai,Elantra,2008,"$3,000.00",Red,Used,Automatic,Gasoline,"190,000"
630,Honda,Odyssey,2017,"$25,595.00",Other,Used,Automatic,Other,"107,049"
631,Toyota,RAV4,2017,"$21,900.00",Grey,Used,NaN,Gasoline,"33,745"
632,Mazda,Other,2006,"$2,495.00",Grey,Used,Automatic,Gasoline,"287,100"
633,Toyota,Corolla,2017,"$16,900.00",White,Used,NaN,Gasoline,"95,547"
634,Volkswagen,Jetta,2010,"$3,495.00",Black,Used,Manual,Gasoline,"185,450"
635,Audi,A8,2014,"$25,999.00",Black,Used,NaN,Gasoline,"122,408"
636,Jeep,Wrangler,2016,"$29,999.00",Blue,Used,NaN,Gasoline,"130,000"
637,Nissan,Versa,2014,"$8,595.00",Other,Used,Automatic,Other,"122,179"
638,Chevrolet,Silverado 2500,2019,"$80,000.00",White,Used,Automatic,NaN,"85,000"
639,Toyota,RAV4,2018,"$25,400.00",Black,Used,NaN,Gasoline,"50,137"
640,Other,Other,2012,"$4,995.00",Gold,Used,Automatic,Other,"210,500"
641,Mazda,3,2012,"$2,500.00",White,Used,NaN,NaN,"220,000"
642,Ford,Edge,2017,"$22,498.00",Other,Used,Automatic,Other,"81,718"
643,Hyundai,Santa Fe,2017,"$22,998.00",Other,Used,Automatic,Other,"74,486"
644,Toyota,Venza,2016,"$20,998.00",Other,Used,Automatic,Other,"69,224"
645,Honda,CR-V,2016,"$18,998.00",Other,Used,Automatic,Other,"72,897"
646,Toyota,RAV4,2017,"$19,998.00",Black,Used,Automatic,Other,"93,245"
647,Toyota,Camry,2016,"$16,998.00",Black,Used,Automatic,Other,"93,966"
648,Mazda,CX-3,2018,"$17,498.00",Other,Used,Automatic,Other,"63,156"
649,Nissan,Rogue,2017,"$16,498.00",Other,Used,Automatic,Other,"72,081"
650,Hyundai,Sonata,2018,"$16,399.00",Other,Used,Automatic,Other,"67,231"
651,Infiniti,QX70,2017,"$39,900.00",Black,Used,Automatic,Gasoline,"52,000"
652,Toyota,Corolla,2017,"$16,400.00",Blue,Used,NaN,Gasoline,"45,079"
653,Kia,Forte,2013,"$3,995.00",Silver,Used,Automatic,Gasoline,"221,150"
654,Toyota,Highlander,2015,"$27,400.00",Gold,Used,NaN,Gasoline,"93,005"
655,Toyota,RAV4,2017,"$19,900.00",Grey,Used,NaN,Gasoline,"66,128"
656,Mazda,Mazda3 Sport,2020,$230.00,NaN,Lease Takeover,Automatic,Gasoline,"10,600"
657,Hyundai,Genesis Coupe,2010,"$5,995.00",Grey,Used,Automatic,Gasoline,"245,800"
658,Hyundai,Santa Fe,2014,"$11,595.00",Silver,Used,Automatic,Other,"111,135"
659,Toyota,Corolla,2017,"$14,800.00",Silver,Used,NaN,Gasoline,"61,691"
660,Ram,1500,2013,"$14,995.00",Red,Used,Automatic,Gasoline,"250,900"
661,Ford,F-250,1988,NaN,Red,Used,Manual,Gasoline,"109,000"
662,Ford,Escape,2014,"$9,995.00",White,Used,Automatic,Gasoline,"135,400"
663,GMC,Acadia,2017,"$29,000.00",Black,Used,Automatic,Gasoline,"95,000"
664,Pontiac,Montana,2005,"$2,000.00",NaN,Used,Automatic,NaN,"166,120"
665,Toyota,RAV4,2017,"$27,800.00",Blue,Used,NaN,Gasoline,"65,560"
666,Kia,Optima,2016,"$14,988.00",White,Used,Automatic,Gasoline,"98,400"
667,Hyundai,Kona,2019,"$20,490.00",Black,Used,Automatic,Gasoline,"58,932"
668,Dodge,Grand Caravan,2018,"$18,477.00",Grey,Used,Automatic,Gasoline,"48,524"
669,Hyundai,Tucson,2011,"$8,499.00",Grey,Used,Automatic,Other,"114,091"
670,BMW,3-Series,2016,"$18,985.00",Black,Used,Automatic,Diesel,"110,101"
671,Buick,Envision,2019,"$29,995.00",Other,Used,Automatic,Other,"36,192"
672,Jeep,Compass,2018,"$26,995.00",Other,Used,Automatic,Other,"45,515"
673,Subaru,Outback,2011,"$3,500.00",Black,Used,Automatic,Gasoline,"300,000"
674,GMC,Terrain,2019,"$33,995.00",White,Used,Automatic,Other,"38,143"
675,Hyundai,Elantra,2008,"$3,000.00",Red,Used,Automatic,Gasoline,"190,000"
676,Honda,Odyssey,2017,"$25,595.00",Other,Used,Automatic,Other,"107,049"
677,Toyota,RAV4,2017,"$21,900.00",Grey,Used,NaN,Gasoline,"33,745"
678,Mazda,Other,2006,"$2,495.00",Grey,Used,Automatic,Gasoline,"287,100"
679,Toyota,Corolla,2017,"$16,900.00",White,Used,NaN,Gasoline,"95,547"
680,Volkswagen,Jetta,2010,"$3,495.00",Black,Used,Manual,Gasoline,"185,450"
681,Audi,A8,2014,"$25,999.00",Black,Used,NaN,Gasoline,"122,408"
682,Jeep,Wrangler,2016,"$29,999.00",Blue,Used,NaN,Gasoline,"130,000"
683,Nissan,Versa,2014,"$8,595.00",Other,Used,Automatic,Other,"122,179"
684,Chevrolet,Silverado 2500,2019,"$80,000.00",White,Used,Automatic,NaN,"85,000"
685,Toyota,RAV4,2018,"$25,400.00",Black,Used,NaN,Gasoline,"50,137"
686,Other,Other,2012,"$4,995.00",Gold,Used,Automatic,Other,"210,500"
687,Mazda,3,2012,"$2,500.00",White,Used,NaN,NaN,"220,000"
688,Ford,Edge,2017,"$22,498.00",Other,Used,Automatic,Other,"81,718"
689,Hyundai,Santa Fe,2017,"$22,998.00",Other,Used,Automatic,Other,"74,486"
690,Toyota,Venza,2016,"$20,998.00",Other,Used,Automatic,Other,"69,224"
691,NaN,NaN,NaN,NaN,NaN,NaN,NaN,NaN,NaN
692,NaN,NaN,NaN,NaN,NaN,NaN,NaN,NaN,NaN
693,NaN,NaN,NaN,NaN,NaN,NaN,NaN,NaN,NaN
694,NaN,NaN,NaN,NaN,NaN,NaN,NaN,NaN,NaN
695,NaN,NaN,NaN,NaN,NaN,NaN,NaN,NaN,NaN
696,NaN,NaN,NaN,NaN,NaN,NaN,NaN,NaN,NaN
697,NaN,NaN,NaN,NaN,NaN,NaN,NaN,NaN,NaN
698,NaN,NaN,NaN,NaN,NaN,NaN,NaN,NaN,NaN
699,NaN,NaN,NaN,NaN,NaN,NaN,NaN,NaN,NaN
700,NaN,NaN,NaN,NaN,NaN,NaN,NaN,NaN,NaN
701,NaN,NaN,NaN,NaN,NaN,NaN,NaN,NaN,NaN
702,NaN,NaN,NaN,NaN,NaN,NaN,NaN,NaN,NaN
703,NaN,NaN,NaN,NaN,NaN,NaN,NaN,NaN,NaN
704,NaN,NaN,NaN,NaN,NaN,NaN,NaN,NaN,NaN
705,NaN,NaN,NaN,NaN,NaN,NaN,NaN,NaN,NaN
706,Ram,1500,2013,"$14,995.00",Red,Used,Automatic,Gasoline,"250,900"
707,Ford,F-250,1988,NaN,Red,Used,Manual,Gasoline,"109,000"
708,Ford,Escape,2014,"$9,995.00",White,Used,Automatic,Gasoline,"135,400"
709,GMC,Acadia,2017,"$29,000.00",Black,Used,Automatic,Gasoline,"95,000"
710,Pontiac,Montana,2005,"$2,000.00",NaN,Used,Automatic,NaN,"166,120"
711,Ford,Escape,2017,"$17,888.00",Gold,Used,Automatic,Gasoline,"23,329"
712,BMW,3-Series,2014,"$13,999.00",Grey,Used,Automatic,Gasoline,"140,000"
713,Hyundai,Sonata,2018,"$16,399.00",Other,Used,Automatic,Other,"67,231"
714,Mercedes-Benz,C-Class,2015,"$23,985.00",Black,Used,Automatic,Gasoline,"96,628"
715,Hyundai,Tucson,2011,"$8,499.00",Grey,Used,Automatic,Other,"114,091"
716,Chevrolet,Equinox,2009,"$3,250.00",Blue,Used,Automatic,Gasoline,"164,000"
717,Buick,Envision,2019,"$29,995.00",Other,Used,Automatic,Other,"36,192"
718,Jeep,Compass,2018,"$26,995.00",Other,Used,Automatic,Other,"45,515"
719,Subaru,Outback,2011,"$3,500.00",Black,Used,Automatic,Gasoline,"300,000"
720,GMC,Terrain,2019,"$33,995.00",White,Used,Automatic,Other,"38,143"
721,Hyundai,Elantra,2008,"$3,000.00",Red,Used,Automatic,Gasoline,"190,000"
722,Honda,Odyssey,2017,"$25,595.00",Other,Used,Automatic,Other,"107,049"
723,Toyota,RAV4,2017,"$21,900.00",Grey,Used,NaN,Gasoline,"33,745"
724,Mazda,Other,2006,"$2,495.00",Grey,Used,Automatic,Gasoline,"287,100"
725,Toyota,Corolla,2017,"$16,900.00",White,Used,NaN,Gasoline,"95,547"
726,Volkswagen,Jetta,2010,"$3,495.00",Black,Used,Manual,Gasoline,"185,450"
727,Audi,A8,2014,"$25,999.00",Black,Used,NaN,Gasoline,"122,408"
728,Jeep,Wrangler,2016,"$29,999.00",Blue,Used,NaN,Gasoline,"130,000"
729,Nissan,Versa,2014,"$8,595.00",Other,Used,Automatic,Other,"122,179"
730,Chevrolet,Silverado 2500,2019,"$80,000.00",White,Used,Automatic,NaN,"85,000"
731,Toyota,RAV4,2018,"$25,400.00",Black,Used,NaN,Gasoline,"50,137"
732,Other,Other,2012,"$4,995.00",Gold,Used,Automatic,Other,"210,500"
733,Mazda,3,2012,"$2,500.00",White,Used,NaN,NaN,"220,000"
734,Ford,Edge,2017,"$22,498.00",Other,Used,Automatic,Other,"81,718"
735,Hyundai,Santa Fe,2017,"$22,998.00",Other,Used,Automatic,Other,"74,486"
736,Toyota,Venza,2016,"$20,998.00",Other,Used,Automatic,Other,"69,224"
737,Honda,CR-V,2016,"$18,998.00",Other,Used,Automatic,Other,"72,897"
738,Toyota,RAV4,2017,"$19,998.00",Black,Used,Automatic,Other,"93,245"
739,Toyota,Camry,2016,"$16,998.00",Black,Used,Automatic,Other,"93,966"
740,Mazda,CX-3,2018,"$17,498.00",Other,Used,Automatic,Other,"63,156"
741,Nissan,Rogue,2017,"$16,498.00",Other,Used,Automatic,Other,"72,081"
742,Hyundai,Sonata,2018,"$16,399.00",Other,Used,Automatic,Other,"67,231"
743,Infiniti,QX70,2017,"$39,900.00",Black,Used,Automatic,Gasoline,"52,000"
744,NaN,NaN,NaN,NaN,NaN,NaN,NaN,NaN,NaN
745,NaN,NaN,NaN,NaN,NaN,NaN,NaN,NaN,NaN
746,NaN,NaN,NaN,NaN,NaN,NaN,NaN,NaN,NaN
747,NaN,NaN,NaN,NaN,NaN,NaN,NaN,NaN,NaN
748,NaN,NaN,NaN,NaN,NaN,NaN,NaN,NaN,NaN
749,NaN,NaN,NaN,NaN,NaN,NaN,NaN,NaN,NaN
750,NaN,NaN,NaN,NaN,NaN,NaN,NaN,NaN,NaN
751,NaN,NaN,NaN,NaN,NaN,NaN,NaN,NaN,NaN
752,NaN,NaN,NaN,NaN,NaN,NaN,NaN,NaN,NaN
753,NaN,NaN,NaN,NaN,NaN,NaN,NaN,NaN,NaN
754,NaN,NaN,NaN,NaN,NaN,NaN,NaN,NaN,NaN
755,Toyota,Corolla,2017,"$15,998.00",Other,Used,Automatic,Other,"92,314"
756,Jeep,Wrangler,2021,"$61,837.00",Other,New,Automatic,Other,NaN
757,Toyota,RAV4,2017,"$18,998.00",Black,Used,Automatic,Other,"76,091"
758,Honda,Other,2010,"$5,000.00",Red,Used,Manual,Gasoline,"207,000"
759,Ford,F-250,2006,"$10,000.00",Grey,Used,Automatic,NaN,"72,000"
760,GMC,C/K 2500,2007,"$3,900.00",NaN,Used,Automatic,NaN,"558,000"
761,Chevrolet,Equinox,2009,"$3,250.00",Blue,Used,Automatic,Gasoline,"164,000"
762,Buick,Envision,2019,"$29,995.00",Other,Used,Automatic,Other,"36,192"
763,Jeep,Compass,2018,"$26,995.00",Other,Used,Automatic,Other,"45,515"
764,Subaru,Outback,2011,"$3,500.00",Black,Used,Automatic,Gasoline,"300,000"
765,GMC,Terrain,2019,"$33,995.00",White,Used,Automatic,Other,"38,143"
766,Hyundai,Elantra,2008,"$3,000.00",Red,Used,Automatic,Gasoline,"190,000"
767,Honda,Odyssey,2017,"$25,595.00",Other,Used,Automatic,Other,"107,049"
768,Toyota,RAV4,2017,"$21,900.00",Grey,Used,NaN,Gasoline,"33,745"
769,Mazda,Other,2006,"$2,495.00",Grey,Used,Automatic,Gasoline,"287,100"
770,Toyota,Corolla,2017,"$16,900.00",White,Used,NaN,Gasoline,"95,547"
771,Volkswagen,Jetta,2010,"$3,495.00",Black,Used,Manual,Gasoline,"185,450"
772,Audi,A8,2014,"$25,999.00",Black,Used,NaN,Gasoline,"122,408"
773,Jeep,Wrangler,2016,"$29,999.00",Blue,Used,NaN,Gasoline,"130,000"
774,Nissan,Versa,2014,"$8,595.00",Other,Used,Automatic,Other,"122,179"
775,Chevrolet,Silverado 2500,2019,"$80,000.00",White,Used,Automatic,NaN,"85,000"
776,Toyota,RAV4,2018,"$25,400.00",Black,Used,NaN,Gasoline,"50,137"
777,Other,Other,2012,"$4,995.00",Gold,Used,Automatic,Other,"210,500"
778,Mazda,3,2012,"$2,500.00",White,Used,NaN,NaN,"220,000"
779,Ford,Edge,2017,"$22,498.00",Other,Used,Automatic,Other,"81,718"
780,Hyundai,Santa Fe,2017,"$22,998.00",Other,Used,Automatic,Other,"74,486"
781,Toyota,Venza,2016,"$20,998.00",Other,Used,Automatic,Other,"69,224"
782,Honda,CR-V,2016,"$18,998.00",Other,Used,Automatic,Other,"72,897"
783,Toyota,RAV4,2017,"$19,998.00",Black,Used,Automatic,Other,"93,245"
784,Toyota,Camry,2016,"$16,998.00",Black,Used,Automatic,Other,"93,966"
785,Mazda,CX-3,2018,"$17,498.00",Other,Used,Automatic,Other,"63,156"
786,Nissan,Rogue,2017,"$16,498.00",Other,Used,Automatic,Other,"72,081"
787,Hyundai,Sonata,2018,"$16,399.00",Other,Used,Automatic,Other,"67,231"
788,Infiniti,QX70,2017,"$39,900.00",Black,Used,Automatic,Gasoline,"52,000"
789,Toyota,Corolla,2017,"$16,400.00",Blue,Used,NaN,Gasoline,"45,079"
790,Kia,Forte,2013,"$3,995.00",Silver,Used,Automatic,Gasoline,"221,150"
791,Toyota,Highlander,2015,"$27,400.00",Gold,Used,NaN,Gasoline,"93,005"
792,Toyota,RAV4,2017,"$19,900.00",Grey,Used,NaN,Gasoline,"66,128"
793,NaN,NaN,NaN,NaN,NaN,NaN,NaN,NaN,NaN
794,NaN,NaN,NaN,NaN,NaN,NaN,NaN,NaN,NaN
795,NaN,NaN,NaN,NaN,NaN,NaN,NaN,NaN,NaN
796,NaN,NaN,NaN,NaN,NaN,NaN,NaN,NaN,NaN
797,NaN,NaN,NaN,NaN,NaN,NaN,NaN,NaN,NaN
798,NaN,NaN,NaN,NaN,NaN,NaN,NaN,NaN,NaN
799,GMC,Sierra 1500,2018,"$38,999.00",White,Used,Automatic,Gasoline,"161,260"
800,Ram,1500,2021,"$44,001.00",Other,New,Automatic,Other,NaN
801,Bentley,Continental GT,2015,"$144,000.00",White,Used,Automatic,Gasoline,"15,000"
802,Honda,CR-V,2018,"$25,388.00",Silver,Used,Automatic,Gasoline,"59,840"
803,Dodge,Challenger,2018,"$37,998.00",Other,Used,Automatic,Other,"47,142"
804,GMC,C/K 2500,2007,"$3,900.00",NaN,Used,Automatic,NaN,"558,000"
805,Chevrolet,Equinox,2009,"$3,250.00",Blue,Used,Automatic,Gasoline,"164,000"
806,Hyundai,Santa Fe,2015,"$15,995.00",Black,Used,Automatic,Gasoline,"172,100"
807,Buick,Envision,2019,"$29,995.00",Other,Used,Automatic,Other,"36,192"
808,Jeep,Compass,2018,"$26,995.00",Other,Used,Automatic,Other,"45,515"
809,Subaru,Outback,2011,"$3,500.00",Black,Used,Automatic,Gasoline,"300,000"
810,GMC,Terrain,2019,"$33,995.00",White,Used,Automatic,Other,"38,143"
811,Hyundai,Elantra,2008,"$3,000.00",Red,Used,Automatic,Gasoline,"190,000"
812,Honda,Odyssey,2017,"$25,595.00",Other,Used,Automatic,Other,"107,049"
813,Toyota,RAV4,2017,"$21,900.00",Grey,Used,NaN,Gasoline,"33,745"
814,Mazda,Other,2006,"$2,495.00",Grey,Used,Automatic,Gasoline,"287,100"
815,Toyota,Corolla,2017,"$16,900.00",White,Used,NaN,Gasoline,"95,547"
816,Volkswagen,Jetta,2010,"$3,495.00",Black,Used,Manual,Gasoline,"185,450"
817,Audi,A8,2014,"$25,999.00",Black,Used,NaN,Gasoline,"122,408"
818,Jeep,Wrangler,2016,"$29,999.00",Blue,Used,NaN,Gasoline,"130,000"
819,Nissan,Versa,2014,"$8,595.00",Other,Used,Automatic,Other,"122,179"
820,Chevrolet,Silverado 2500,2019,"$80,000.00",White,Used,Automatic,NaN,"85,000"
821,Toyota,RAV4,2018,"$25,400.00",Black,Used,NaN,Gasoline,"50,137"
822,Other,Other,2012,"$4,995.00",Gold,Used,Automatic,Other,"210,500"
823,Mazda,3,2012,"$2,500.00",White,Used,NaN,NaN,"220,000"
824,Ford,Edge,2017,"$22,498.00",Other,Used,Automatic,Other,"81,718"
825,Hyundai,Santa Fe,2017,"$22,998.00",Other,Used,Automatic,Other,"74,486"
826,Toyota,Venza,2016,"$20,998.00",Other,Used,Automatic,Other,"69,224"
827,Honda,CR-V,2016,"$18,998.00",Other,Used,Automatic,Other,"72,897"
828,Toyota,RAV4,2017,"$19,998.00",Black,Used,Automatic,Other,"93,245"
829,Toyota,Camry,2016,"$16,998.00",Black,Used,Automatic,Other,"93,966"
830,Mazda,CX-3,2018,"$17,498.00",Other,Used,Automatic,Other,"63,156"
831,Nissan,Rogue,2017,"$16,498.00",Other,Used,Automatic,Other,"72,081"
832,Hyundai,Sonata,2018,"$16,399.00",Other,Used,Automatic,Other,"67,231"
833,Infiniti,QX70,2017,"$39,900.00",Black,Used,Automatic,Gasoline,"52,000"
834,Toyota,Corolla,2017,"$16,400.00",Blue,Used,NaN,Gasoline,"45,079"
835,Kia,Forte,2013,"$3,995.00",Silver,Used,Automatic,Gasoline,"221,150"
836,Toyota,Highlander,2015,"$27,400.00",Gold,Used,NaN,Gasoline,"93,005"
837,NaN,NaN,NaN,NaN,NaN,NaN,NaN,NaN,NaN
838,NaN,NaN,NaN,NaN,NaN,NaN,NaN,NaN,NaN
839,NaN,NaN,NaN,NaN,NaN,NaN,NaN,NaN,NaN
840,NaN,NaN,NaN,NaN,NaN,NaN,NaN,NaN,NaN
841,NaN,NaN,NaN,NaN,NaN,NaN,NaN,NaN,NaN
842,NaN,NaN,NaN,NaN,NaN,NaN,NaN,NaN,NaN
843,NaN,NaN,NaN,NaN,NaN,NaN,NaN,NaN,NaN
844,Chevrolet,Trax,2017,"$11,995.00",Blue,Used,Automatic,Gasoline,"171,925"
845,Ford,F-250,2020,"$93,777.00",Other,Used,NaN,Diesel,"31,039"
846,Lincoln,MKZ,2012,"$9,492.00",White,Used,Automatic,Other,"166,446"
847,Toyota,Matrix,2009,"$6,499.00",White,Used,Automatic,Gasoline,"161,715"
848,Dodge,Grand Caravan,2020,"$32,000.00",Grey,Used,Automatic,Gasoline,"4,275"
849,GMC,C/K 2500,2007,"$3,900.00",NaN,Used,Automatic,NaN,"558,000"
850,Chevrolet,Equinox,2009,"$3,250.00",Blue,Used,Automatic,Gasoline,"164,000"
851,Hyundai,Santa Fe,2015,"$15,995.00",Black,Used,Automatic,Gasoline,"172,100"
852,Buick,Envision,2019,"$29,995.00",Other,Used,Automatic,Other,"36,192"
853,Jeep,Compass,2018,"$26,995.00",Other,Used,Automatic,Other,"45,515"
854,Subaru,Outback,2011,"$3,500.00",Black,Used,Automatic,Gasoline,"300,000"
855,GMC,Terrain,2019,"$33,995.00",White,Used,Automatic,Other,"38,143"
856,Hyundai,Elantra,2008,"$3,000.00",Red,Used,Automatic,Gasoline,"190,000"
857,Honda,Odyssey,2017,"$25,595.00",Other,Used,Automatic,Other,"107,049"
858,Toyota,RAV4,2017,"$21,900.00",Grey,Used,NaN,Gasoline,"33,745"
859,Mazda,Other,2006,"$2,495.00",Grey,Used,Automatic,Gasoline,"287,100"
860,Toyota,Corolla,2017,"$16,900.00",White,Used,NaN,Gasoline,"95,547"
861,Volkswagen,Jetta,2010,"$3,495.00",Black,Used,Manual,Gasoline,"185,450"
862,Audi,A8,2014,"$25,999.00",Black,Used,NaN,Gasoline,"122,408"
863,Jeep,Wrangler,2016,"$29,999.00",Blue,Used,NaN,Gasoline,"130,000"
864,Nissan,Versa,2014,"$8,595.00",Other,Used,Automatic,Other,"122,179"
865,Chevrolet,Silverado 2500,2019,"$80,000.00",White,Used,Automatic,NaN,"85,000"
866,Toyota,RAV4,2018,"$25,400.00",Black,Used,NaN,Gasoline,"50,137"
867,Other,Other,2012,"$4,995.00",Gold,Used,Automatic,Other,"210,500"
868,Mazda,3,2012,"$2,500.00",White,Used,NaN,NaN,"220,000"
869,Ford,Edge,2017,"$22,498.00",Other,Used,Automatic,Other,"81,718"
870,Hyundai,Santa Fe,2017,"$22,998.00",Other,Used,Automatic,Other,"74,486"
871,Toyota,Venza,2016,"$20,998.00",Other,Used,Automatic,Other,"69,224"
872,Honda,CR-V,2016,"$18,998.00",Other,Used,Automatic,Other,"72,897"
873,Toyota,RAV4,2017,"$19,998.00",Black,Used,Automatic,Other,"93,245"
874,Toyota,Camry,2016,"$16,998.00",Black,Used,Automatic,Other,"93,966"
875,Mazda,CX-3,2018,"$17,498.00",Other,Used,Automatic,Other,"63,156"
876,Nissan,Rogue,2017,"$16,498.00",Other,Used,Automatic,Other,"72,081"
877,Hyundai,Sonata,2018,"$16,399.00",Other,Used,Automatic,Other,"67,231"
878,Infiniti,QX70,2017,"$39,900.00",Black,Used,Automatic,Gasoline,"52,000"
879,Toyota,Corolla,2017,"$16,400.00",Blue,Used,NaN,Gasoline,"45,079"
880,Kia,Forte,2013,"$3,995.00",Silver,Used,Automatic,Gasoline,"221,150"
881,Toyota,Highlander,2015,"$27,400.00",Gold,Used,NaN,Gasoline,"93,005"
882,NaN,NaN,NaN,NaN,NaN,NaN,NaN,NaN,NaN
883,NaN,NaN,NaN,NaN,NaN,NaN,NaN,NaN,NaN
884,NaN,NaN,NaN,NaN,NaN,NaN,NaN,NaN,NaN
885,NaN,NaN,NaN,NaN,NaN,NaN,NaN,NaN,NaN
886,NaN,NaN,NaN,NaN,NaN,NaN,NaN,NaN,NaN
887,NaN,NaN,NaN,NaN,NaN,NaN,NaN,NaN,NaN
888,NaN,NaN,NaN,NaN,NaN,NaN,NaN,NaN,NaN
889,Dodge,Viper,2006,"$79,995.00",Blue,Used,NaN,NaN,"13,300"
890,Honda,Civic,2019,"$19,400.00",Blue,Used,Automatic,Gasoline,"41,599"
891,Pontiac,Vibe,2009,"$5,999.00",Red,Used,Automatic,Gasoline,"191,101"
892,Toyota,Prius,2016,"$19,400.00",Black,Used,NaN,Hybrid-Electric,"64,614"
893,Hyundai,Elantra,2020,"$17,992.00",Other,Used,Automatic,Other,"14,627"
894,Nissan,Rogue,2018,"$25,998.00",Grey,Used,Manual,Other,"27,313"
895,Chevrolet,Silverado 1500,2001,"$8,500.00",Green,Used,Automatic,Gasoline,"188,000"
896,GMC,C/K 2500,2007,"$3,900.00",NaN,Used,Automatic,NaN,"558,000"
897,Chevrolet,Equinox,2009,"$3,250.00",Blue,Used,Automatic,Gasoline,"164,000"
898,Hyundai,Santa Fe,2015,"$15,995.00",Black,Used,Automatic,Gasoline,"172,100"
899,Buick,Envision,2019,"$29,995.00",Other,Used,Automatic,Other,"36,192"
900,Jeep,Compass,2018,"$26,995.00",Other,Used,Automatic,Other,"45,515"
901,Subaru,Outback,2011,"$3,500.00",Black,Used,Automatic,Gasoline,"300,000"
902,GMC,Terrain,2019,"$33,995.00",White,Used,Automatic,Other,"38,143"
903,Hyundai,Elantra,2008,"$3,000.00",Red,Used,Automatic,Gasoline,"190,000"
904,Honda,Odyssey,2017,"$25,595.00",Other,Used,Automatic,Other,"107,049"
905,Toyota,RAV4,2017,"$21,900.00",Grey,Used,NaN,Gasoline,"33,745"
906,Mazda,Other,2006,"$2,495.00",Grey,Used,Automatic,Gasoline,"287,100"
907,Toyota,Corolla,2017,"$16,900.00",White,Used,NaN,Gasoline,"95,547"
908,Volkswagen,Jetta,2010,"$3,495.00",Black,Used,Manual,Gasoline,"185,450"
909,Audi,A8,2014,"$25,999.00",Black,Used,NaN,Gasoline,"122,408"
910,Jeep,Wrangler,2016,"$29,999.00",Blue,Used,NaN,Gasoline,"130,000"
911,Nissan,Versa,2014,"$8,595.00",Other,Used,Automatic,Other,"122,179"
912,Chevrolet,Silverado 2500,2019,"$80,000.00",White,Used,Automatic,NaN,"85,000"
913,Toyota,RAV4,2018,"$25,400.00",Black,Used,NaN,Gasoline,"50,137"
914,Other,Other,2012,"$4,995.00",Gold,Used,Automatic,Other,"210,500"
915,Mazda,3,2012,"$2,500.00",White,Used,NaN,NaN,"220,000"
916,Ford,Edge,2017,"$22,498.00",Other,Used,Automatic,Other,"81,718"
917,Hyundai,Santa Fe,2017,"$22,998.00",Other,Used,Automatic,Other,"74,486"
918,Toyota,Venza,2016,"$20,998.00",Other,Used,Automatic,Other,"69,224"
919,Honda,CR-V,2016,"$18,998.00",Other,Used,Automatic,Other,"72,897"
920,Toyota,RAV4,2017,"$19,998.00",Black,Used,Automatic,Other,"93,245"
921,Toyota,Camry,2016,"$16,998.00",Black,Used,Automatic,Other,"93,966"
922,Mazda,CX-3,2018,"$17,498.00",Other,Used,Automatic,Other,"63,156"
923,Nissan,Rogue,2017,"$16,498.00",Other,Used,Automatic,Other,"72,081"
924,Hyundai,Sonata,2018,"$16,399.00",Other,Used,Automatic,Other,"67,231"
925,Infiniti,QX70,2017,"$39,900.00",Black,Used,Automatic,Gasoline,"52,000"
926,Toyota,Corolla,2017,"$16,400.00",Blue,Used,NaN,Gasoline,"45,079"
927,NaN,NaN,NaN,NaN,NaN,NaN,NaN,NaN,NaN
928,NaN,NaN,NaN,NaN,NaN,NaN,NaN,NaN,NaN
929,NaN,NaN,NaN,NaN,NaN,NaN,NaN,NaN,NaN
930,Mazda,Mazda3 Sport,2020,$230.00,NaN,Lease Takeover,Automatic,Gasoline,"10,600"
931,Hyundai,Genesis Coupe,2010,"$5,995.00",Grey,Used,Automatic,Gasoline,"245,800"
932,Hyundai,Santa Fe,2014,"$11,595.00",Silver,Used,Automatic,Other,"111,135"
933,Toyota,Corolla,2017,"$14,800.00",Silver,Used,NaN,Gasoline,"61,691"
934,Hyundai,Elantra,2011,"$3,995.00",Silver,Used,Automatic,Gasoline,"202,333"
935,Nissan,Rogue,2016,"$17,490.00",White,Used,Automatic,Gasoline,"87,988"
936,Ford,Escape,2013,"$8,495.00",Silver,Used,Automatic,Gasoline,"177,139"
937,Dodge,Grand Caravan,2019,"$25,992.00",Grey,Used,Automatic,Other,"42,441"
938,Ford,F-750,2016,"$68,500.00",Yellow,Used,Automatic,Diesel,"114,000"
939,Chevrolet,Silverado 1500,2001,"$8,500.00",Green,Used,Automatic,Gasoline,"188,000"
940,GMC,C/K 2500,2007,"$3,900.00",NaN,Used,Automatic,NaN,"558,000"
941,Chevrolet,Equinox,2009,"$3,250.00",Blue,Used,Automatic,Gasoline,"164,000"
942,Hyundai,Santa Fe,2015,"$15,995.00",Black,Used,Automatic,Gasoline,"172,100"
943,Buick,Envision,2019,"$29,995.00",Other,Used,Automatic,Other,"36,192"
944,Jeep,Compass,2018,"$26,995.00",Other,Used,Automatic,Other,"45,515"
945,Subaru,Outback,2011,"$3,500.00",Black,Used,Automatic,Gasoline,"300,000"
946,GMC,Terrain,2019,"$33,995.00",White,Used,Automatic,Other,"38,143"
947,Hyundai,Elantra,2008,"$3,000.00",Red,Used,Automatic,Gasoline,"190,000"
948,Honda,Odyssey,2017,"$25,595.00",Other,Used,Automatic,Other,"107,049"
949,Toyota,RAV4,2017,"$21,900.00",Grey,Used,NaN,Gasoline,"33,745"
950,Mazda,Other,2006,"$2,495.00",Grey,Used,Automatic,Gasoline,"287,100"
951,Toyota,Corolla,2017,"$16,900.00",White,Used,NaN,Gasoline,"95,547"
952,Volkswagen,Jetta,2010,"$3,495.00",Black,Used,Manual,Gasoline,"185,450"
953,Audi,A8,2014,"$25,999.00",Black,Used,NaN,Gasoline,"122,408"
954,Jeep,Wrangler,2016,"$29,999.00",Blue,Used,NaN,Gasoline,"130,000"
955,Nissan,Versa,2014,"$8,595.00",Other,Used,Automatic,Other,"122,179"
956,Chevrolet,Silverado 2500,2019,"$80,000.00",White,Used,Automatic,NaN,"85,000"
957,Toyota,RAV4,2018,"$25,400.00",Black,Used,NaN,Gasoline,"50,137"
958,Other,Other,2012,"$4,995.00",Gold,Used,Automatic,Other,"210,500"
959,Mazda,3,2012,"$2,500.00",White,Used,NaN,NaN,"220,000"
960,Ford,Edge,2017,"$22,498.00",Other,Used,Automatic,Other,"81,718"
961,Hyundai,Santa Fe,2017,"$22,998.00",Other,Used,Automatic,Other,"74,486"
962,Toyota,Venza,2016,"$20,998.00",Other,Used,Automatic,Other,"69,224"
963,Honda,CR-V,2016,"$18,998.00",Other,Used,Automatic,Other,"72,897"
964,Toyota,RAV4,2017,"$19,998.00",Black,Used,Automatic,Other,"93,245"
965,Toyota,Camry,2016,"$16,998.00",Black,Used,Automatic,Other,"93,966"
966,Mazda,CX-3,2018,"$17,498.00",Other,Used,Automatic,Other,"63,156"
967,Nissan,Rogue,2017,"$16,498.00",Other,Used,Automatic,Other,"72,081"
968,NaN,NaN,NaN,NaN,NaN,NaN,NaN,NaN,NaN
969,NaN,NaN,NaN,NaN,NaN,NaN,NaN,NaN,NaN
970,NaN,NaN,NaN,NaN,NaN,NaN,NaN,NaN,NaN
971,NaN,NaN,NaN,NaN,NaN,NaN,NaN,NaN,NaN
972,NaN,NaN,NaN,NaN,NaN,NaN,NaN,NaN,NaN
973,NaN,NaN,NaN,NaN,NaN,NaN,NaN,NaN,NaN
974,NaN,NaN,NaN,NaN,NaN,NaN,NaN,NaN,NaN
975,NaN,NaN,NaN,NaN,NaN,NaN,NaN,NaN,NaN
976,NaN,NaN,NaN,NaN,NaN,NaN,NaN,NaN,NaN
977,NaN,NaN,NaN,NaN,NaN,NaN,NaN,NaN,NaN
978,Volkswagen,Tiguan,2018,"$26,997.00",White,Used,Automatic,Gasoline,"28,012"
979,Hyundai,Kona,2018,"$24,488.00",Other,Used,0,Other,"70,144"
980,Hyundai,Santa Fe,2017,"$22,998.00",Other,Used,Automatic,Other,"74,486"
981,Hyundai,Accent,2020,"$17,992.00",White,Used,Automatic,Other,"17,499"
982,Ford,Escape,2017,"$17,888.00",Gold,Used,Automatic,Gasoline,"23,329"
983,Saturn,Astra,2008,"$4,000.00",Silver,Used,Automatic,Gasoline,"143,837"
984,Chevrolet,Silverado 1500,2001,"$8,500.00",Green,Used,Automatic,Gasoline,"188,000"
985,GMC,C/K 2500,2007,"$3,900.00",NaN,Used,Automatic,NaN,"558,000"
986,Chevrolet,Equinox,2009,"$3,250.00",Blue,Used,Automatic,Gasoline,"164,000"
987,Hyundai,Santa Fe,2015,"$15,995.00",Black,Used,Automatic,Gasoline,"172,100"
988,Buick,Envision,2019,"$29,995.00",Other,Used,Automatic,Other,"36,192"
989,Jeep,Compass,2018,"$26,995.00",Other,Used,Automatic,Other,"45,515"
990,Subaru,Outback,2011,"$3,500.00",Black,Used,Automatic,Gasoline,"300,000"
991,GMC,Terrain,2019,"$33,995.00",White,Used,Automatic,Other,"38,143"
992,Hyundai,Elantra,2008,"$3,000.00",Red,Used,Automatic,Gasoline,"190,000"
993,Honda,Odyssey,2017,"$25,595.00",Other,Used,Automatic,Other,"107,049"
994,Toyota,RAV4,2017,"$21,900.00",Grey,Used,NaN,Gasoline,"33,745"
995,Mazda,Other,2006,"$2,495.00",Grey,Used,Automatic,Gasoline,"287,100"
996,Toyota,Corolla,2017,"$16,900.00",White,Used,NaN,Gasoline,"95,547"
997,Volkswagen,Jetta,2010,"$3,495.00",Black,Used,Manual,Gasoline,"185,450"
998,Audi,A8,2014,"$25,999.00",Black,Used,NaN,Gasoline,"122,408"
999,Jeep,Wrangler,2016,"$29,999.00",Blue,Used,NaN,Gasoline,"130,000"
1000,Nissan,Versa,2014,"$8,595.00",Other,Used,Automatic,Other,"122,179"
1001,Chevrolet,Silverado 2500,2019,"$80,000.00",White,Used,Automatic,NaN,"85,000"
1002,Toyota,RAV4,2018,"$25,400.00",Black,Used,NaN,Gasoline,"50,137"
1003,Other,Other,2012,"$4,995.00",Gold,Used,Automatic,Other,"210,500"
1004,Mazda,3,2012,"$2,500.00",White,Used,NaN,NaN,"220,000"
1005,Ford,Edge,2017,"$22,498.00",Other,Used,Automatic,Other,"81,718"
1006,Hyundai,Santa Fe,2017,"$22,998.00",Other,Used,Automatic,Other,"74,486"
1007,Toyota,Venza,2016,"$20,998.00",Other,Used,Automatic,Other,"69,224"
1008,Honda,CR-V,2016,"$18,998.00",Other,Used,Automatic,Other,"72,897"
1009,Toyota,RAV4,2017,"$19,998.00",Black,Used,Automatic,Other,"93,245"
1010,Toyota,Camry,2016,"$16,998.00",Black,Used,Automatic,Other,"93,966"
1011,Mazda,CX-3,2018,"$17,498.00",Other,Used,Automatic,Other,"63,156"
1012,Nissan,Rogue,2017,"$16,498.00",Other,Used,Automatic,Other,"72,081"
1013,Hyundai,Sonata,2018,"$16,399.00",Other,Used,Automatic,Other,"67,231"
1014,Infiniti,QX70,2017,"$39,900.00",Black,Used,Automatic,Gasoline,"52,000"
1015,Toyota,Corolla,2017,"$16,400.00",Blue,Used,NaN,Gasoline,"45,079"
1016,NaN,NaN,NaN,NaN,NaN,NaN,NaN,NaN,NaN
1017,NaN,NaN,NaN,NaN,NaN,NaN,NaN,NaN,NaN
1018,NaN,NaN,NaN,NaN,NaN,NaN,NaN,NaN,NaN
1019,NaN,NaN,NaN,NaN,NaN,NaN,NaN,NaN,NaN
1020,NaN,NaN,NaN,NaN,NaN,NaN,NaN,NaN,NaN
1021,NaN,NaN,NaN,NaN,NaN,NaN,NaN,NaN,NaN
1022,Dodge,Caravan,2012,"$7,000.00",Grey,Used,Automatic,NaN,"137,000"
1023,Toyota,Corolla,2020,"$17,990.00",Black,Used,NaN,Gasoline,"64,557"
1024,GMC,Sierra 1500,2018,"$38,999.00",White,Used,Automatic,Gasoline,"161,260"
1025,Toyota,Prius v,2018,"$26,998.00",Other,Used,Automatic,Other,"61,416"
1026,Dodge,Grand Caravan,2018,"$18,477.00",Grey,Used,Automatic,Gasoline,"48,524"
1027,Saturn,Astra,2008,"$4,000.00",Silver,Used,Automatic,Gasoline,"143,837"
1028,Chevrolet,Silverado 1500,2001,"$8,500.00",Green,Used,Automatic,Gasoline,"188,000"
1029,GMC,C/K 2500,2007,"$3,900.00",NaN,Used,Automatic,NaN,"558,000"
1030,Chevrolet,Equinox,2009,"$3,250.00",Blue,Used,Automatic,Gasoline,"164,000"
1031,Hyundai,Santa Fe,2015,"$15,995.00",Black,Used,Automatic,Gasoline,"172,100"
1032,Buick,Envision,2019,"$29,995.00",Other,Used,Automatic,Other,"36,192"
1033,Jeep,Compass,2018,"$26,995.00",Other,Used,Automatic,Other,"45,515"
1034,Subaru,Outback,2011,"$3,500.00",Black,Used,Automatic,Gasoline,"300,000"
1035,GMC,Terrain,2019,"$33,995.00",White,Used,Automatic,Other,"38,143"
1036,Hyundai,Elantra,2008,"$3,000.00",Red,Used,Automatic,Gasoline,"190,000"
1037,Honda,Odyssey,2017,"$25,595.00",Other,Used,Automatic,Other,"107,049"
1038,Toyota,RAV4,2017,"$21,900.00",Grey,Used,NaN,Gasoline,"33,745"
1039,Mazda,Other,2006,"$2,495.00",Grey,Used,Automatic,Gasoline,"287,100"
1040,Toyota,Corolla,2017,"$16,900.00",White,Used,NaN,Gasoline,"95,547"
1041,Volkswagen,Jetta,2010,"$3,495.00",Black,Used,Manual,Gasoline,"185,450"
1042,Audi,A8,2014,"$25,999.00",Black,Used,NaN,Gasoline,"122,408"
1043,Jeep,Wrangler,2016,"$29,999.00",Blue,Used,NaN,Gasoline,"130,000"
1044,Nissan,Versa,2014,"$8,595.00",Other,Used,Automatic,Other,"122,179"
1045,Chevrolet,Silverado 2500,2019,"$80,000.00",White,Used,Automatic,NaN,"85,000"
1046,Toyota,RAV4,2018,"$25,400.00",Black,Used,NaN,Gasoline,"50,137"
1047,Other,Other,2012,"$4,995.00",Gold,Used,Automatic,Other,"210,500"
1048,Mazda,3,2012,"$2,500.00",White,Used,NaN,NaN,"220,000"
1049,Ford,Edge,2017,"$22,498.00",Other,Used,Automatic,Other,"81,718"
1050,Hyundai,Santa Fe,2017,"$22,998.00",Other,Used,Automatic,Other,"74,486"
1051,Toyota,Venza,2016,"$20,998.00",Other,Used,Automatic,Other,"69,224"
1052,Honda,CR-V,2016,"$18,998.00",Other,Used,Automatic,Other,"72,897"
1053,Toyota,RAV4,2017,"$19,998.00",Black,Used,Automatic,Other,"93,245"
1054,Toyota,Camry,2016,"$16,998.00",Black,Used,Automatic,Other,"93,966"
1055,Mazda,CX-3,2018,"$17,498.00",Other,Used,Automatic,Other,"63,156"
1056,Nissan,Rogue,2017,"$16,498.00",Other,Used,Automatic,Other,"72,081"
1057,Hyundai,Sonata,2018,"$16,399.00",Other,Used,Automatic,Other,"67,231"
1058,Infiniti,QX70,2017,"$39,900.00",Black,Used,Automatic,Gasoline,"52,000"
1059,Toyota,Corolla,2017,"$16,400.00",Blue,Used,NaN,Gasoline,"45,079"
1060,NaN,NaN,NaN,NaN,NaN,NaN,NaN,NaN,NaN
1061,NaN,NaN,NaN,NaN,NaN,NaN,NaN,NaN,NaN
1062,NaN,NaN,NaN,NaN,NaN,NaN,NaN,NaN,NaN
1063,NaN,NaN,NaN,NaN,NaN,NaN,NaN,NaN,NaN
1064,NaN,NaN,NaN,NaN,NaN,NaN,NaN,NaN,NaN
1065,NaN,NaN,NaN,NaN,NaN,NaN,NaN,NaN,NaN
1066,Nissan,Murano,2007,"$5,999.00",Grey,Used,Automatic,Gasoline,"176,806"
1067,Chevrolet,Cruze,2018,"$16,539.00",Grey,Used,Automatic,Gasoline,"46,998"
1068,Toyota,Prius,2016,"$19,400.00",Black,Used,NaN,Hybrid-Electric,"64,614"
1069,Dodge,Caravan,2012,"$7,000.00",Grey,Used,Automatic,NaN,"137,000"
1070,BMW,3-Series,2016,"$18,985.00",Black,Used,Automatic,Diesel,"110,101"
1071,NaN,NaN,NaN,NaN,NaN,NaN,NaN,NaN,NaN
1072,Saturn,Astra,2008,"$4,000.00",Silver,Used,Automatic,Gasoline,"143,837"
1073,Chevrolet,Silverado 1500,2001,"$8,500.00",Green,Used,Automatic,Gasoline,"188,000"
1074,GMC,C/K 2500,2007,"$3,900.00",NaN,Used,Automatic,NaN,"558,000"
1075,Chevrolet,Equinox,2009,"$3,250.00",Blue,Used,Automatic,Gasoline,"164,000"
1076,Hyundai,Santa Fe,2015,"$15,995.00",Black,Used,Automatic,Gasoline,"172,100"
1077,Buick,Envision,2019,"$29,995.00",Other,Used,Automatic,Other,"36,192"
1078,Jeep,Compass,2018,"$26,995.00",Other,Used,Automatic,Other,"45,515"
1079,Subaru,Outback,2011,"$3,500.00",Black,Used,Automatic,Gasoline,"300,000"
1080,GMC,Terrain,2019,"$33,995.00",White,Used,Automatic,Other,"38,143"
1081,Hyundai,Elantra,2008,"$3,000.00",Red,Used,Automatic,Gasoline,"190,000"
1082,Honda,Odyssey,2017,"$25,595.00",Other,Used,Automatic,Other,"107,049"
1083,Toyota,RAV4,2017,"$21,900.00",Grey,Used,NaN,Gasoline,"33,745"
1084,Mazda,Other,2006,"$2,495.00",Grey,Used,Automatic,Gasoline,"287,100"
1085,Toyota,Corolla,2017,"$16,900.00",White,Used,NaN,Gasoline,"95,547"
1086,Volkswagen,Jetta,2010,"$3,495.00",Black,Used,Manual,Gasoline,"185,450"
1087,Audi,A8,2014,"$25,999.00",Black,Used,NaN,Gasoline,"122,408"
1088,Jeep,Wrangler,2016,"$29,999.00",Blue,Used,NaN,Gasoline,"130,000"
1089,Nissan,Versa,2014,"$8,595.00",Other,Used,Automatic,Other,"122,179"
1090,Chevrolet,Silverado 2500,2019,"$80,000.00",White,Used,Automatic,NaN,"85,000"
1091,Toyota,RAV4,2018,"$25,400.00",Black,Used,NaN,Gasoline,"50,137"
1092,Other,Other,2012,"$4,995.00",Gold,Used,Automatic,Other,"210,500"
1093,Mazda,3,2012,"$2,500.00",White,Used,NaN,NaN,"220,000"
1094,Ford,Edge,2017,"$22,498.00",Other,Used,Automatic,Other,"81,718"
1095,Hyundai,Santa Fe,2017,"$22,998.00",Other,Used,Automatic,Other,"74,486"
1096,Toyota,Venza,2016,"$20,998.00",Other,Used,Automatic,Other,"69,224"
1097,Honda,CR-V,2016,"$18,998.00",Other,Used,Automatic,Other,"72,897"
1098,Toyota,RAV4,2017,"$19,998.00",Black,Used,Automatic,Other,"93,245"
1099,Toyota,Camry,2016,"$16,998.00",Black,Used,Automatic,Other,"93,966"
1100,Mazda,CX-3,2018,"$17,498.00",Other,Used,Automatic,Other,"63,156"
1101,Nissan,Rogue,2017,"$16,498.00",Other,Used,Automatic,Other,"72,081"
1102,Hyundai,Sonata,2018,"$16,399.00",Other,Used,Automatic,Other,"67,231"
1103,Infiniti,QX70,2017,"$39,900.00",Black,Used,Automatic,Gasoline,"52,000"
1104,NaN,NaN,NaN,NaN,NaN,NaN,NaN,NaN,NaN
1105,NaN,NaN,NaN,NaN,NaN,NaN,NaN,NaN,NaN
1106,Toyota,Highlander,2015,"$27,400.00",Gold,Used,NaN,Gasoline,"93,005"
1107,Toyota,RAV4,2017,"$19,900.00",Grey,Used,NaN,Gasoline,"66,128"
1108,Mazda,Mazda3 Sport,2020,$230.00,NaN,Lease Takeover,Automatic,Gasoline,"10,600"
1109,Hyundai,Genesis Coupe,2010,"$5,995.00",Grey,Used,Automatic,Gasoline,"245,800"
1110,Dodge,Caravan,2012,"$7,000.00",Grey,Used,Automatic,NaN,"137,000"
1111,Ford,Escape,2019,NaN,White,Used,Automatic,Gasoline,"28,764"
1112,NaN,NaN,NaN,NaN,NaN,NaN,NaN,NaN,NaN
1113,Toyota,RAV4,2016,"$18,998.00",Red,Used,Automatic,Other,"91,301"
1114,Hyundai,Kona,2018,"$23,992.00",Black,Used,Automatic,Other,"24,736"
1115,Chevrolet,Cruze,2018,"$14,995.00",Blue,Used,Manual,Other,"57,123"
1116,Saturn,Astra,2008,"$4,000.00",Silver,Used,Automatic,Gasoline,"143,837"
1117,Saturn,Astra,2008,"$4,000.00",Silver,Used,Automatic,Gasoline,"143,837"
1118,Nissan,Rogue,2018,"$25,998.00",Grey,Used,Manual,Other,"27,313"
1119,GMC,C/K 2500,2007,"$3,900.00",NaN,Used,Automatic,NaN,"558,000"
1120,Chevrolet,Equinox,2009,"$3,250.00",Blue,Used,Automatic,Gasoline,"164,000"
1121,Hyundai,Santa Fe,2015,"$15,995.00",Black,Used,Automatic,Gasoline,"172,100"
1122,Buick,Envision,2019,"$29,995.00",Other,Used,Automatic,Other,"36,192"
1123,Jeep,Compass,2018,"$26,995.00",Other,Used,Automatic,Other,"45,515"
1124,Subaru,Outback,2011,"$3,500.00",Black,Used,Automatic,Gasoline,"300,000"
1125,GMC,Terrain,2019,"$33,995.00",White,Used,Automatic,Other,"38,143"
1126,Hyundai,Elantra,2008,"$3,000.00",Red,Used,Automatic,Gasoline,"190,000"
1127,Honda,Odyssey,2017,"$25,595.00",Other,Used,Automatic,Other,"107,049"
1128,Toyota,RAV4,2017,"$21,900.00",Grey,Used,NaN,Gasoline,"33,745"
1129,Mazda,Other,2006,"$2,495.00",Grey,Used,Automatic,Gasoline,"287,100"
1130,Toyota,Corolla,2017,"$16,900.00",White,Used,NaN,Gasoline,"95,547"
1131,Volkswagen,Jetta,2010,"$3,495.00",Black,Used,Manual,Gasoline,"185,450"
1132,Audi,A8,2014,"$25,999.00",Black,Used,NaN,Gasoline,"122,408"
1133,Jeep,Wrangler,2016,"$29,999.00",Blue,Used,NaN,Gasoline,"130,000"
1134,Nissan,Versa,2014,"$8,595.00",Other,Used,Automatic,Other,"122,179"
1135,Chevrolet,Silverado 2500,2019,"$80,000.00",White,Used,Automatic,NaN,"85,000"
1136,Toyota,RAV4,2018,"$25,400.00",Black,Used,NaN,Gasoline,"50,137"
1137,Other,Other,2012,"$4,995.00",Gold,Used,Automatic,Other,"210,500"
1138,Mazda,3,2012,"$2,500.00",White,Used,NaN,NaN,"220,000"
1139,Ford,Edge,2017,"$22,498.00",Other,Used,Automatic,Other,"81,718"
1140,Hyundai,Santa Fe,2017,"$22,998.00",Other,Used,Automatic,Other,"74,486"
1141,Toyota,Venza,2016,"$20,998.00",Other,Used,Automatic,Other,"69,224"
1142,Honda,CR-V,2016,"$18,998.00",Other,Used,Automatic,Other,"72,897"
1143,Toyota,RAV4,2017,"$19,998.00",Black,Used,Automatic,Other,"93,245"
1144,NaN,NaN,NaN,NaN,NaN,NaN,NaN,NaN,NaN
1145,NaN,NaN,NaN,NaN,NaN,NaN,NaN,NaN,NaN
1146,NaN,NaN,NaN,NaN,NaN,NaN,NaN,NaN,NaN
1147,NaN,NaN,NaN,NaN,NaN,NaN,NaN,NaN,NaN
1148,NaN,NaN,NaN,NaN,NaN,NaN,NaN,NaN,NaN
1149,NaN,NaN,NaN,NaN,NaN,NaN,NaN,NaN,NaN
1150,NaN,NaN,NaN,NaN,NaN,NaN,NaN,NaN,NaN
1151,NaN,NaN,NaN,NaN,NaN,NaN,NaN,NaN,NaN
1152,NaN,NaN,NaN,NaN,NaN,NaN,NaN,NaN,NaN
1153,NaN,NaN,NaN,NaN,NaN,NaN,NaN,NaN,NaN
1154,Bentley,Continental GT,2015,"$144,000.00",White,Used,Automatic,Gasoline,"15,000"
1155,Nissan,Murano,2016,"$18,985.00",Other,Used,Automatic,Other,"119,081"
1156,Hyundai,Genesis Coupe,2010,"$6,495.00",Silver,Used,Manual,Gasoline,"208,650"
1157,Toyota,Tacoma,2019,"$41,998.00",Other,Used,Automatic,Other,"80,244"
1158,Toyota,Matrix,2009,"$6,499.00",White,Used,Automatic,Gasoline,"161,715"
1159,Honda,Civic,2007,"$1,500.00",Silver,Used,NaN,NaN,"380,000"
1160,Chevrolet,Cruze,2018,"$14,995.00",Blue,Used,Manual,Other,"57,123"
1161,Saturn,Astra,2008,"$4,000.00",Silver,Used,Automatic,Gasoline,"143,837"
1162,Saturn,Astra,2008,"$4,000.00",Silver,Used,Automatic,Gasoline,"143,837"
1163,Chevrolet,Silverado 1500,2001,"$8,500.00",Green,Used,Automatic,Gasoline,"188,000"
1164,GMC,C/K 2500,2007,"$3,900.00",NaN,Used,Automatic,NaN,"558,000"
1165,Chevrolet,Equinox,2009,"$3,250.00",Blue,Used,Automatic,Gasoline,"164,000"
1166,Hyundai,Santa Fe,2015,"$15,995.00",Black,Used,Automatic,Gasoline,"172,100"
1167,Buick,Envision,2019,"$29,995.00",Other,Used,Automatic,Other,"36,192"
1168,Jeep,Compass,2018,"$26,995.00",Other,Used,Automatic,Other,"45,515"
1169,Subaru,Outback,2011,"$3,500.00",Black,Used,Automatic,Gasoline,"300,000"
1170,GMC,Terrain,2019,"$33,995.00",White,Used,Automatic,Other,"38,143"
1171,Hyundai,Elantra,2008,"$3,000.00",Red,Used,Automatic,Gasoline,"190,000"
1172,Honda,Odyssey,2017,"$25,595.00",Other,Used,Automatic,Other,"107,049"
1173,Toyota,RAV4,2017,"$21,900.00",Grey,Used,NaN,Gasoline,"33,745"
1174,Mazda,Other,2006,"$2,495.00",Grey,Used,Automatic,Gasoline,"287,100"
1175,Toyota,Corolla,2017,"$16,900.00",White,Used,NaN,Gasoline,"95,547"
1176,Volkswagen,Jetta,2010,"$3,495.00",Black,Used,Manual,Gasoline,"185,450"
1177,Audi,A8,2014,"$25,999.00",Black,Used,NaN,Gasoline,"122,408"
1178,Jeep,Wrangler,2016,"$29,999.00",Blue,Used,NaN,Gasoline,"130,000"
1179,Nissan,Versa,2014,"$8,595.00",Other,Used,Automatic,Other,"122,179"
1180,Chevrolet,Silverado 2500,2019,"$80,000.00",White,Used,Automatic,NaN,"85,000"
1181,Toyota,RAV4,2018,"$25,400.00",Black,Used,NaN,Gasoline,"50,137"
1182,Other,Other,2012,"$4,995.00",Gold,Used,Automatic,Other,"210,500"
1183,Mazda,3,2012,"$2,500.00",White,Used,NaN,NaN,"220,000"
1184,Ford,Edge,2017,"$22,498.00",Other,Used,Automatic,Other,"81,718"
1185,Hyundai,Santa Fe,2017,"$22,998.00",Other,Used,Automatic,Other,"74,486"
1186,Toyota,Venza,2016,"$20,998.00",Other,Used,Automatic,Other,"69,224"
1187,Honda,CR-V,2016,"$18,998.00",Other,Used,Automatic,Other,"72,897"
1188,Toyota,RAV4,2017,"$19,998.00",Black,Used,Automatic,Other,"93,245"
1189,Toyota,Camry,2016,"$16,998.00",Black,Used,Automatic,Other,"93,966"
1190,Mazda,CX-3,2018,"$17,498.00",Other,Used,Automatic,Other,"63,156"
1191,Nissan,Rogue,2017,"$16,498.00",Other,Used,Automatic,Other,"72,081"
1192,Hyundai,Sonata,2018,"$16,399.00",Other,Used,Automatic,Other,"67,231"
1193,Infiniti,QX70,2017,"$39,900.00",Black,Used,Automatic,Gasoline,"52,000"
1194,Toyota,Corolla,2017,"$16,400.00",Blue,Used,NaN,Gasoline,"45,079"
1195,Kia,Forte,2013,"$3,995.00",Silver,Used,Automatic,Gasoline,"221,150"
1196,Toyota,Highlander,2015,"$27,400.00",Gold,Used,NaN,Gasoline,"93,005"
1197,Toyota,RAV4,2017,"$19,900.00",Grey,Used,NaN,Gasoline,"66,128"
1198,Hyundai,Elantra,2020,"$17,992.00",Other,Used,Automatic,Other,"14,627"
1199,Mercedes-Benz,Sprinter Van,2015,"$34,985.00",White,Used,Automatic,Diesel,"96,000"
1200,Dodge,Viper,2006,"$79,995.00",Blue,Used,NaN,NaN,"13,300"
1201,Kia,Optima,2014,"$10,688.00",White,Used,Automatic,Gasoline,"81,855"
1202,Cadillac,SRX,2010,"$12,992.00",Grey,Used,Automatic,Other,"128,904"
1203,Honda,Civic,2007,"$1,500.00",Silver,Used,NaN,NaN,"380,000"
1204,Chevrolet,Cruze,2018,"$14,995.00",Blue,Used,Manual,Other,"57,123"
1205,Saturn,Astra,2008,"$4,000.00",Silver,Used,Automatic,Gasoline,"143,837"
1206,Saturn,Astra,2008,"$4,000.00",Silver,Used,Automatic,Gasoline,"143,837"
1207,Nissan,Rogue,2018,"$25,998.00",Grey,Used,Manual,Other,"27,313"
1208,Chevrolet,Silverado 1500,2001,"$8,500.00",Green,Used,Automatic,Gasoline,"188,000"
1209,GMC,C/K 2500,2007,"$3,900.00",NaN,Used,Automatic,NaN,"558,000"
1210,Chevrolet,Equinox,2009,"$3,250.00",Blue,Used,Automatic,Gasoline,"164,000"
1211,Hyundai,Santa Fe,2015,"$15,995.00",Black,Used,Automatic,Gasoline,"172,100"
1212,Buick,Envision,2019,"$29,995.00",Other,Used,Automatic,Other,"36,192"
1213,Jeep,Compass,2018,"$26,995.00",Other,Used,Automatic,Other,"45,515"
1214,Subaru,Outback,2011,"$3,500.00",Black,Used,Automatic,Gasoline,"300,000"
1215,GMC,Terrain,2019,"$33,995.00",White,Used,Automatic,Other,"38,143"
1216,Hyundai,Elantra,2008,"$3,000.00",Red,Used,Automatic,Gasoline,"190,000"
1217,Honda,Odyssey,2017,"$25,595.00",Other,Used,Automatic,Other,"107,049"
1218,Toyota,RAV4,2017,"$21,900.00",Grey,Used,NaN,Gasoline,"33,745"
1219,Mazda,Other,2006,"$2,495.00",Grey,Used,Automatic,Gasoline,"287,100"
1220,Toyota,Corolla,2017,"$16,900.00",White,Used,NaN,Gasoline,"95,547"
1221,Volkswagen,Jetta,2010,"$3,495.00",Black,Used,Manual,Gasoline,"185,450"
1222,Audi,A8,2014,"$25,999.00",Black,Used,NaN,Gasoline,"122,408"
1223,Jeep,Wrangler,2016,"$29,999.00",Blue,Used,NaN,Gasoline,"130,000"
1224,Nissan,Versa,2014,"$8,595.00",Other,Used,Automatic,Other,"122,179"
1225,NaN,NaN,NaN,NaN,NaN,NaN,NaN,NaN,NaN
1226,NaN,NaN,NaN,NaN,NaN,NaN,NaN,NaN,NaN
1227,NaN,NaN,NaN,NaN,NaN,NaN,NaN,NaN,NaN
1228,Mazda,3,2012,"$2,500.00",White,Used,NaN,NaN,"220,000"
1229,Ford,Edge,2017,"$22,498.00",Other,Used,Automatic,Other,"81,718"
1230,Hyundai,Santa Fe,2017,"$22,998.00",Other,Used,Automatic,Other,"74,486"
1231,Toyota,Venza,2016,"$20,998.00",Other,Used,Automatic,Other,"69,224"
1232,Honda,CR-V,2016,"$18,998.00",Other,Used,Automatic,Other,"72,897"
1233,Toyota,RAV4,2017,"$19,998.00",Black,Used,Automatic,Other,"93,245"
1234,Toyota,Camry,2016,"$16,998.00",Black,Used,Automatic,Other,"93,966"
1235,Mazda,CX-3,2018,"$17,498.00",Other,Used,Automatic,Other,"63,156"
1236,Nissan,Rogue,2017,"$16,498.00",Other,Used,Automatic,Other,"72,081"
1237,Hyundai,Sonata,2018,"$16,399.00",Other,Used,Automatic,Other,"67,231"
1238,Infiniti,QX70,2017,"$39,900.00",Black,Used,Automatic,Gasoline,"52,000"
1239,Toyota,Corolla,2017,"$16,400.00",Blue,Used,NaN,Gasoline,"45,079"
1240,Kia,Forte,2013,"$3,995.00",Silver,Used,Automatic,Gasoline,"221,150"
1241,Toyota,Highlander,2015,"$27,400.00",Gold,Used,NaN,Gasoline,"93,005"
1242,Toyota,RAV4,2017,"$19,900.00",Grey,Used,NaN,Gasoline,"66,128"
1243,Cadillac,SRX,2010,"$12,992.00",Grey,Used,Automatic,Other,"128,904"
1244,Ram,1500,2018,"$38,983.00",Grey,Used,Automatic,Gasoline,"114,967"
1245,Toyota,Corolla,2016,"$15,998.00",Blue,Used,Automatic,Other,"85,567"
1246,Toyota,C-HR,2019,"$22,488.00",Grey,Used,Automatic,Gasoline,"38,210"
1247,Subaru,Forester,2010,"$3,500.00",Green,Used,Automatic,Gasoline,"199,500"
1248,Honda,Civic,2007,"$1,500.00",Silver,Used,NaN,NaN,"380,000"
1249,Chevrolet,Cruze,2018,"$14,995.00",Blue,Used,Manual,Other,"57,123"
1250,Saturn,Astra,2008,"$4,000.00",Silver,Used,Automatic,Gasoline,"143,837"
1251,Saturn,Astra,2008,"$4,000.00",Silver,Used,Automatic,Gasoline,"143,837"
1252,Nissan,Rogue,2018,"$25,998.00",Grey,Used,Manual,Other,"27,313"
1253,Chevrolet,Silverado 1500,2001,"$8,500.00",Green,Used,Automatic,Gasoline,"188,000"
1254,GMC,C/K 2500,2007,"$3,900.00",NaN,Used,Automatic,NaN,"558,000"
1255,Chevrolet,Equinox,2009,"$3,250.00",Blue,Used,Automatic,Gasoline,"164,000"
1256,Hyundai,Santa Fe,2015,"$15,995.00",Black,Used,Automatic,Gasoline,"172,100"
1257,Buick,Envision,2019,"$29,995.00",Other,Used,Automatic,Other,"36,192"
1258,Jeep,Compass,2018,"$26,995.00",Other,Used,Automatic,Other,"45,515"
1259,Subaru,Outback,2011,"$3,500.00",Black,Used,Automatic,Gasoline,"300,000"
1260,GMC,Terrain,2019,"$33,995.00",White,Used,Automatic,Other,"38,143"
1261,Hyundai,Elantra,2008,"$3,000.00",Red,Used,Automatic,Gasoline,"190,000"
1262,Honda,Odyssey,2017,"$25,595.00",Other,Used,Automatic,Other,"107,049"
1263,Toyota,RAV4,2017,"$21,900.00",Grey,Used,NaN,Gasoline,"33,745"
1264,Mazda,Other,2006,"$2,495.00",Grey,Used,Automatic,Gasoline,"287,100"
1265,Toyota,Corolla,2017,"$16,900.00",White,Used,NaN,Gasoline,"95,547"
1266,NaN,NaN,NaN,NaN,NaN,NaN,NaN,NaN,NaN
1267,NaN,NaN,NaN,NaN,NaN,NaN,NaN,NaN,NaN
1268,NaN,NaN,NaN,NaN,NaN,NaN,NaN,NaN,NaN
1269,NaN,NaN,NaN,NaN,NaN,NaN,NaN,NaN,NaN
1270,NaN,NaN,NaN,NaN,NaN,NaN,NaN,NaN,NaN
1271,NaN,NaN,NaN,NaN,NaN,NaN,NaN,NaN,NaN
1272,NaN,NaN,NaN,NaN,NaN,NaN,NaN,NaN,NaN
1273,NaN,NaN,NaN,NaN,NaN,NaN,NaN,NaN,NaN
1274,NaN,NaN,NaN,NaN,NaN,NaN,NaN,NaN,NaN
1275,NaN,NaN,NaN,NaN,NaN,NaN,NaN,NaN,NaN
1276,NaN,NaN,NaN,NaN,NaN,NaN,NaN,NaN,NaN
1277,NaN,NaN,NaN,NaN,NaN,NaN,NaN,NaN,NaN
1278,NaN,NaN,NaN,NaN,NaN,NaN,NaN,NaN,NaN
1279,NaN,NaN,NaN,NaN,NaN,NaN,NaN,NaN,NaN
1280,NaN,NaN,NaN,NaN,NaN,NaN,NaN,NaN,NaN
1281,NaN,NaN,NaN,NaN,NaN,NaN,NaN,NaN,NaN
1282,NaN,NaN,NaN,NaN,NaN,NaN,NaN,NaN,NaN
1283,NaN,NaN,NaN,NaN,NaN,NaN,NaN,NaN,NaN
1284,Toyota,Corolla,2017,"$16,400.00",Blue,Used,NaN,Gasoline,"45,079"
1285,Kia,Forte,2013,"$3,995.00",Silver,Used,Automatic,Gasoline,"221,150"
1286,Toyota,Highlander,2015,"$27,400.00",Gold,Used,NaN,Gasoline,"93,005"
1287,Toyota,RAV4,2017,"$19,900.00",Grey,Used,NaN,Gasoline,"66,128"
1288,Toyota,RAV4,2017,"$18,998.00",Black,Used,Automatic,Other,"76,091"
1289,Chevrolet,Cruze,2019,"$18,353.00",Other,Used,Automatic,Gasoline,"38,189"
1290,Hyundai,Tucson,2011,"$8,499.00",Grey,Used,Automatic,Other,"114,091"
1291,Kia,Forte5,2012,"$4,000.00",Black,Used,Other,Gasoline,"202,500"
1292,Hyundai,Sonata,2017,"$13,492.00",Silver,Used,Automatic,Other,"82,588"
1293,Honda,Civic,2007,"$1,500.00",Silver,Used,NaN,NaN,"380,000"
1294,Saturn,Astra,2008,"$4,000.00",Silver,Used,Automatic,Gasoline,"143,837"
1295,Saturn,Astra,2008,"$4,000.00",Silver,Used,Automatic,Gasoline,"143,837"
1296,Nissan,Rogue,2018,"$25,998.00",Grey,Used,Manual,Other,"27,313"
1297,Chevrolet,Silverado 1500,2001,"$8,500.00",Green,Used,Automatic,Gasoline,"188,000"
1298,GMC,C/K 2500,2007,"$3,900.00",NaN,Used,Automatic,NaN,"558,000"
1299,Chevrolet,Equinox,2009,"$3,250.00",Blue,Used,Automatic,Gasoline,"164,000"
1300,Hyundai,Santa Fe,2015,"$15,995.00",Black,Used,Automatic,Gasoline,"172,100"
1301,Buick,Envision,2019,"$29,995.00",Other,Used,Automatic,Other,"36,192"
1302,Jeep,Compass,2018,"$26,995.00",Other,Used,Automatic,Other,"45,515"
1303,Subaru,Outback,2011,"$3,500.00",Black,Used,Automatic,Gasoline,"300,000"
1304,GMC,Terrain,2019,"$33,995.00",White,Used,Automatic,Other,"38,143"
1305,Hyundai,Elantra,2008,"$3,000.00",Red,Used,Automatic,Gasoline,"190,000"
1306,Honda,Odyssey,2017,"$25,595.00",Other,Used,Automatic,Other,"107,049"
1307,Toyota,RAV4,2017,"$21,900.00",Grey,Used,NaN,Gasoline,"33,745"
1308,Mazda,Other,2006,"$2,495.00",Grey,Used,Automatic,Gasoline,"287,100"
1309,Toyota,Corolla,2017,"$16,900.00",White,Used,NaN,Gasoline,"95,547"
1310,Volkswagen,Jetta,2010,"$3,495.00",Black,Used,Manual,Gasoline,"185,450"
1311,Audi,A8,2014,"$25,999.00",Black,Used,NaN,Gasoline,"122,408"
1312,Jeep,Wrangler,2016,"$29,999.00",Blue,Used,NaN,Gasoline,"130,000"
1313,Nissan,Versa,2014,"$8,595.00",Other,Used,Automatic,Other,"122,179"
1314,Chevrolet,Silverado 2500,2019,"$80,000.00",White,Used,Automatic,NaN,"85,000"
1315,Toyota,RAV4,2018,"$25,400.00",Black,Used,NaN,Gasoline,"50,137"
1316,Other,Other,2012,"$4,995.00",Gold,Used,Automatic,Other,"210,500"
1317,Mazda,3,2012,"$2,500.00",White,Used,NaN,NaN,"220,000"
1318,Ford,Edge,2017,"$22,498.00",Other,Used,Automatic,Other,"81,718"
1319,Hyundai,Santa Fe,2017,"$22,998.00",Other,Used,Automatic,Other,"74,486"
1320,Toyota,Venza,2016,"$20,998.00",Other,Used,Automatic,Other,"69,224"
1321,Honda,CR-V,2016,"$18,998.00",Other,Used,Automatic,Other,"72,897"
1322,NaN,NaN,NaN,NaN,NaN,NaN,NaN,NaN,NaN
1323,NaN,NaN,NaN,NaN,NaN,NaN,NaN,NaN,NaN
1324,NaN,NaN,NaN,NaN,NaN,NaN,NaN,NaN,NaN
1325,NaN,NaN,NaN,NaN,NaN,NaN,NaN,NaN,NaN
1326,NaN,NaN,NaN,NaN,NaN,NaN,NaN,NaN,NaN
1327,NaN,NaN,NaN,NaN,NaN,NaN,NaN,NaN,NaN
1328,NaN,NaN,NaN,NaN,NaN,NaN,NaN,NaN,NaN
1329,Kia,Forte,2013,"$3,995.00",Silver,Used,Automatic,Gasoline,"221,150"
1330,Toyota,Highlander,2015,"$27,400.00",Gold,Used,NaN,Gasoline,"93,005"
1331,Toyota,RAV4,2017,"$19,900.00",Grey,Used,NaN,Gasoline,"66,128"
1332,Cadillac,SRX,2010,"$12,992.00",Grey,Used,Automatic,Other,"128,904"
1333,BMW,M3,2005,"$26,999.00",Black,Used,0,Gasoline,"99,546"
1334,Ram,1500,2013,"$14,995.00",Red,Used,Automatic,Gasoline,"250,900"
1335,Toyota,C-HR,2019,"$22,488.00",Grey,Used,Automatic,Gasoline,"38,210"
1336,Honda,Other,2010,"$5,000.00",Red,Used,Manual,Gasoline,"207,000"
1337,Lincoln,MKC,2017,"$21,995.00",Other,Used,Automatic,Other,"119,397"
1338,Honda,Civic,2007,"$1,500.00",Silver,Used,NaN,NaN,"380,000"
1339,Chevrolet,Cruze,2018,"$14,995.00",Blue,Used,Manual,Other,"57,123"
1340,Saturn,Astra,2008,"$4,000.00",Silver,Used,Automatic,Gasoline,"143,837"
1341,Nissan,Rogue,2018,"$25,998.00",Grey,Used,Manual,Other,"27,313"
1342,Chevrolet,Silverado 1500,2001,"$8,500.00",Green,Used,Automatic,Gasoline,"188,000"
1343,GMC,C/K 2500,2007,"$3,900.00",NaN,Used,Automatic,NaN,"558,000"
1344,Chevrolet,Equinox,2009,"$3,250.00",Blue,Used,Automatic,Gasoline,"164,000"
1345,Hyundai,Santa Fe,2015,"$15,995.00",Black,Used,Automatic,Gasoline,"172,100"
1346,Buick,Envision,2019,"$29,995.00",Other,Used,Automatic,Other,"36,192"
1347,Jeep,Compass,2018,"$26,995.00",Other,Used,Automatic,Other,"45,515"
1348,Subaru,Outback,2011,"$3,500.00",Black,Used,Automatic,Gasoline,"300,000"
1349,GMC,Terrain,2019,"$33,995.00",White,Used,Automatic,Other,"38,143"
1350,Hyundai,Elantra,2008,"$3,000.00",Red,Used,Automatic,Gasoline,"190,000"
1351,Honda,Odyssey,2017,"$25,595.00",Other,Used,Automatic,Other,"107,049"
1352,Toyota,RAV4,2017,"$21,900.00",Grey,Used,NaN,Gasoline,"33,745"
1353,Mazda,Other,2006,"$2,495.00",Grey,Used,Automatic,Gasoline,"287,100"
1354,Toyota,Corolla,2017,"$16,900.00",White,Used,NaN,Gasoline,"95,547"
1355,Volkswagen,Jetta,2010,"$3,495.00",Black,Used,Manual,Gasoline,"185,450"
1356,Audi,A8,2014,"$25,999.00",Black,Used,NaN,Gasoline,"122,408"
1357,Jeep,Wrangler,2016,"$29,999.00",Blue,Used,NaN,Gasoline,"130,000"
1358,Nissan,Versa,2014,"$8,595.00",Other,Used,Automatic,Other,"122,179"
1359,Chevrolet,Silverado 2500,2019,"$80,000.00",White,Used,Automatic,NaN,"85,000"
1360,Toyota,RAV4,2018,"$25,400.00",Black,Used,NaN,Gasoline,"50,137"
1361,Other,Other,2012,"$4,995.00",Gold,Used,Automatic,Other,"210,500"
1362,Mazda,3,2012,"$2,500.00",White,Used,NaN,NaN,"220,000"
1363,Ford,Edge,2017,"$22,498.00",Other,Used,Automatic,Other,"81,718"
1364,Hyundai,Santa Fe,2017,"$22,998.00",Other,Used,Automatic,Other,"74,486"
1365,Toyota,Venza,2016,"$20,998.00",Other,Used,Automatic,Other,"69,224"
1366,Honda,CR-V,2016,"$18,998.00",Other,Used,Automatic,Other,"72,897"
1367,NaN,NaN,NaN,NaN,NaN,NaN,NaN,NaN,NaN
1368,NaN,NaN,NaN,NaN,NaN,NaN,NaN,NaN,NaN
1369,NaN,NaN,NaN,NaN,NaN,NaN,NaN,NaN,NaN
1370,NaN,NaN,NaN,NaN,NaN,NaN,NaN,NaN,NaN
1371,NaN,NaN,NaN,NaN,NaN,NaN,NaN,NaN,NaN
1372,NaN,NaN,NaN,NaN,NaN,NaN,NaN,NaN,NaN
1373,NaN,NaN,NaN,NaN,NaN,NaN,NaN,NaN,NaN
1374,NaN,NaN,NaN,NaN,NaN,NaN,NaN,NaN,NaN
1375,NaN,NaN,NaN,NaN,NaN,NaN,NaN,NaN,NaN
